Table S5. Sanger validated DNMs identified in the CENet DEE trios,,,,,,,,,,,,,,,,,,
trio ID,Chr,Position,Reference Allele,Mutant Allele,Variant class,Gene Symbol,zygosity,Coding variant type,Detailed annotation of the variant,Evaluation,comments,ClinVar ID,ExAC 65000 exome allele frequency data (release 0.2 - 2014.10.30.) (ExAC_Freq),SIFT score, SIFT prediction ,PolyPhen 2 scores (HumanVar database),PolyPhen 2  HumanVar prediction,whole-exome CADD phred scores (version 2.6)(CADD_phred):possibly del (15-19); Deleterious >=20
HSC0002,9,107584840,T,C,SNV,ABCA1,heterozygous,missense_SNV,exonic:nonsynonymous_SNV:ABCA1:NM_005502:exon19:c.A2765G:p.N922S,VUS,,,,0.07,T,0.016,B,15.52
HSC0006,10,112364047,CCA,C,deletion,SMC3,heterozygous,frameshift_deletion,exonic:frameshift_deletion:SMC3:NM_005445:exon29:c.3642_3643del:p.T1214fs,VUS,,,,,,,,
HSC0006,12,118839593,C,T,SNV,SUDS3,heterozygous,stopgain_SNV,exonic:stopgain:SUDS3:NM_022491:exon8:c.C643T:p.Q215X,VUS,,,, , ,,,39
HSC0006,X,53285086,G,A,SNV,IQSEC2,hemizygous,stopgain_SNV,exonic:stopgain:IQSEC2:NM_015075:exon3:c.C280T:p.Q94X|exonic:stopgain:IQSEC2:NM_001111125:exon3:c.C895T:p.Q299X,pathogenic,known DEE/ID gene,,, , ,,,20.6
HSC0009,4,39868539,G,A,SNV,PDS5A,heterozygous,missense_SNV,exonic:nonsynonymous_SNV:PDS5A:NM_001100399:exon23:c.C2584T:p.R862W,VUS,,,,,,1.0,D,27.8
HSC0009,6,15497145,C,T,SNV,JARID2,heterozygous,synonymous_SNV,exonic:synonymous_SNV:JARID2:NM_004973:exon7:c.C1689T:p.S563S|exonic:synonymous_SNV:JARID2:NM_001267040:exon7:c.C1173T:p.S391S,benign,,,4.474e-04,,,,,
HSC0009,8,121309820,C,T,SNV,COL14A1,heterozygous,missense_SNV,exonic:nonsynonymous_SNV:COL14A1:NM_021110:exon35:c.C4307T:p.P1436L,VUS,,,,0.03,D,0.997,D,27.9
HSC0009,13,46543391,A,G,SNV,ZC3H13,heterozygous,synonymous_SNV,exonic:synonymous_SNV:ZC3H13:NM_015070:exon14:c.T3288C:p.P1096P,benign,,,,,,,,
HSC0011,20,3673375,C,T,SNV,SIGLEC1,heterozygous,missense_SNV,exonic:nonsynonymous_SNV:SIGLEC1:NM_023068:exon15:c.G3823A:p.A1275T,VUS,,,,0.56,T,0.003,B,2.055
HSC0012,2,166905418,A,C,SNV,SCN1A,heterozygous,missense_SNV,exonic:nonsynonymous_SNV:SCN1A:NM_006920:exon7:c.T1006G:p.C336G|exonic:nonsynonymous_SNV:SCN1A:NM_001202435:exon9:c.T1006G:p.C336G|exonic:nonsynonymous_SNV:SCN1A:NM_001165964:exon7:c.T1006G:p.C336G|exonic:nonsynonymous_SNV:SCN1A:NM_001165963:exon7:c.T1006G:p.C336G,pathogenic,known DEE gene,60717, ,0,D,0.996,D,23.5
HSC0012,11,64337213,T,C,SNV,SLC22A11,heterozygous,missense_SNV,exonic:nonsynonymous_SNV:SLC22A11:NM_018484:exon9:c.T1472C:p.L491P,VUS,,,,0.28,T,0.989,D,13.96
HSC0012,17,56280580,T,C,SNV,EPX,heterozygous,missense_SNV,exonic:nonsynonymous_SNV:EPX:NM_000502:exon11:c.T1847C:p.I616T,VUS,,,,0.01,D,0.174,B,18.54
HSC0014,5,132099509,C,T,SNV,SEPT8,heterozygous,synonymous_SNV,exonic:synonymous_SNV:SEPT8:NM_015146:exon4:c.G423A:p.S141S|exonic:synonymous_SNV:SEPT8:NM_001300799:exon4:c.G417A:p.S139S|exonic:synonymous_SNV:SEPT8:NM_001300798:exon4:c.G417A:p.S139S|exonic:synonymous_SNV:SEPT8:NM_001098813:exon4:c.G243A:p.S81S|exonic:synonymous_SNV:SEPT8:NM_001098812:exon4:c.G423A:p.S141S|exonic:synonymous_SNV:SEPT8:NM_001098811:exon4:c.G423A:p.S141S,VUS,,,0.00007348,,,,,
HSC0016,1,22986045,C,T,SNV,C1QB,heterozygous,synonymous_SNV,exonic:synonymous_SNV:C1QB:NM_000491:exon2:c.C96T:p.T32T,VUS,,,,,,,,
HSC0016,1,145474044,C,G,SNV,ANKRD34A,heterozygous,missense_SNV,exonic:nonsynonymous_SNV:ANKRD34A:NM_001039888:exon4:c.C716G:p.P239R|intronic:NBPF20:NM_001278267|intronic:NBPF10:NM_001302371|intronic:NBPF10:NM_001039703,VUS,,,,0.64,T,0.008,B,0.173
HSC0016,9,18777684,G,A,SNV,ADAMTSL1,heterozygous,missense_SNV,exonic:nonsynonymous_SNV:ADAMTSL1:NM_001040272:exon19:c.G3457A:p.A1153T,VUS,,,,0.6,T,0.022,B,0.954
HSC0016,11,45832388,C,T,SNV,SLC35C1,heterozygous,synonymous_SNV,exonic:synonymous_SNV:SLC35C1:NM_018389:exon2:c.C597T:p.T199T|exonic:synonymous_SNV:SLC35C1:NM_001145266:exon3:c.C558T:p.T186T|exonic:synonymous_SNV:SLC35C1:NM_001145265:exon3:c.C558T:p.T186T,benign,,,0.00008132,,,,,
HSC0016,19,13372340,C,T,SNV,CACNA1A,heterozygous,missense_SNV,exonic:nonsynonymous_SNV:CACNA1A:NM_023035:exon26:c.G4186A:p.V1396M|exonic:nonsynonymous_SNV:CACNA1A:NM_001174080:exon26:c.G4177A:p.V1393M|exonic:nonsynonymous_SNV:CACNA1A:NM_001127222:exon26:c.G4174A:p.V1392M|exonic:nonsynonymous_SNV:CACNA1A:NM_001127221:exon26:c.G4177A:p.V1393M|exonic:nonsynonymous_SNV:CACNA1A:NM_000068:exon26:c.G4186A:p.V1396M,likely pathogenic,known DEE gene,195935,,0,D,0.999,D,17.98
HSC0017,6,53516616,G,T,SNV,KLHL31,heterozygous,missense_SNV,exonic:nonsynonymous_SNV:KLHL31:NM_001003760:exon3:c.C1685A:p.A562E,VUS,,,,0.005,D,0.124,B,13.94
HSC0017,12,52183203,A,G,SNV,SCN8A,heterozygous,canonical splice site_SNV,intronic_splicing:SCN8A:NM_014191(NM_014191:exon24:c.4419+1A>G)|intronic_splicing:SCN8A:NM_001177984(NM_001177984:exon23:c.4296+1A>G),pathogenic,known DEE gene,,,,,,,25.0
HSC0020,1,155233052,G,A,SNV,CLK2,heterozygous,missense_SNV,exonic:nonsynonymous_SNV:CLK2:NM_003993:exon13:c.C1454T:p.P485L|exonic:nonsynonymous_SNV:CLK2:NM_001294339:exon12:c.C773T:p.P258L|exonic:nonsynonymous_SNV:CLK2:NM_001294338:exon13:c.C1457T:p.P486L,VUS,,,0.00001626,0.01,D,0.024,B,16.21
HSC0020,6,143074714,G,A,SNV,HIVEP2,heterozygous,stopgain_SNV,exonic:stopgain:HIVEP2:NM_006734:exon10:c.C6871T:p.Q2291X,pathogenic,known ID gene,,, , ,,,48
HSC0020,19,8563275,A,G,SNV,PRAM1,heterozygous,missense_SNV,exonic:nonsynonymous_SNV:PRAM1:NM_032152:exon2:c.T1417C:p.S473P,VUS,,,,0.1,T,0.011,B,7.737
HSC0021,6,142491525,T,C,SNV,VTA1,heterozygous,synonymous_SNV,exonic:synonymous_SNV:VTA1:NM_016485:exon4:c.T378C:p.D126D|exonic:synonymous_SNV:VTA1:NM_001286372:exon3:c.T204C:p.D68D|exonic:synonymous_SNV:VTA1:NM_001286371:exon4:c.T378C:p.D126D,benign,,,0.000008133,,,,,
HSC0022,7,128544182,T,C,SNV,KCP,heterozygous,missense_SNV,exonic:nonsynonymous_SNV:KCP:NM_199349:exon7:c.A581G:p.Y194C|intronic:KCP:NM_001135914,VUS,,,0.00002156,,,,,
HSC0022,10,128817058,C,A,SNV,DOCK1,heterozygous,missense_SNV,exonic:nonsynonymous_SNV:DOCK1:NM_001380:exon13:c.C1223A:p.A408D|exonic:nonsynonymous_SNV:DOCK1:NM_001290223:exon13:c.C1286A:p.A429D,VUS,,,,0.01,D,0.969,D,25.4
HSC0022,19,17834940,C,T,SNV,MAP1S,heterozygous,missense_SNV,exonic_splicing:nonsynonymous_SNV:MAP1S:NM_018174:exon3:c.C226T:p.R76W,VUS,,,0.00001668,0,D,0.998,D,19.27
HSC0022,22,29726422,T,C,SNV,AP1B1,heterozygous,missense_SNV,exonic:nonsynonymous_SNV:AP1B1:NM_145730:exon20:c.A2690G:p.N897S|exonic:nonsynonymous_SNV:AP1B1:NM_001166019:exon20:c.A2630G:p.N877S|exonic:nonsynonymous_SNV:AP1B1:NM_001127:exon21:c.A2711G:p.N904S,VUS,,,0.000008132,0.03,D,0.996,D,19.39
HSC0023,6,165715263,T,C,SNV,C6orf118,heterozygous,missense_SNV,exonic:nonsynonymous_SNV:C6orf118:NM_144980:exon2:c.A548G:p.K183R,VUS,,,,0.53,T,0.065,B,10.05
HSC0024,16,89350438,G,A,SNV,ANKRD11,heterozygous,stopgain_SNV,exonic:stopgain:ANKRD11:NM_013275:exon9:c.C2512T:p.R838X|exonic:stopgain:ANKRD11:NM_001256183:exon9:c.C2512T:p.R838X|exonic:stopgain:ANKRD11:NM_001256182:exon10:c.C2512T:p.R838X,pathogenic,known ID gene,,, , ,,,41
HSC0025,2,166909392,G,A,SNV,SCN1A,heterozygous,stopgain_SNV,exonic:stopgain:SCN1A:NM_006920:exon5:c.C664T:p.R222X|exonic:stopgain:SCN1A:NM_001202435:exon7:c.C664T:p.R222X|exonic:stopgain:SCN1A:NM_001165964:exon5:c.C664T:p.R222X|exonic:stopgain:SCN1A:NM_001165963:exon5:c.C664T:p.R222X,pathogenic,known DEE/ID gene,12889,, , ,,,36
HSC0025,14,55903628,C,T,SNV,TBPL2,heterozygous,missense_SNV,exonic:nonsynonymous_SNV:TBPL2:NM_199047:exon2:c.G259A:p.V87I,VUS,known DEE gene,,,0.51,T,0.002,B,0.617
HSC0026,14,104618785,C,T,SNV,KIF26A,heterozygous,missense_SNV,exonic:nonsynonymous_SNV:KIF26A:NM_015656:exon3:c.C722T:p.P241L,VUS,,,,0.34,T,0.985,D,18.63
HSC0027,1,224377281,A,G,SNV,DEGS1,heterozygous,missense_SNV,exonic_splicing:nonsynonymous_SNV:DEGS1:NM_003676:exon2:c.A85G:p.K29E,VUS,,,0.00001627,0.07,T,0.996,D,23.5
HSC0028,12,21728930,T,G,SNV,GYS2,heterozygous,missense_SNV,exonic:nonsynonymous_SNV:GYS2:NM_021957:exon3:c.A365C:p.Y122S,VUS,,,,1,T,0.002,B,0.043
HSC0028,17,72739460,C,A,SNV,RAB37,heterozygous,missense_SNV,exonic:nonsynonymous_SNV:RAB37:NM_175738:exon5:c.C326A:p.S109Y|exonic:nonsynonymous_SNV:RAB37:NM_001163990:exon4:c.C236A:p.S79Y|exonic:nonsynonymous_SNV:RAB37:NM_001163989:exon5:c.C362A:p.S121Y|exonic:nonsynonymous_SNV:RAB37:NM_001006638:exon5:c.C347A:p.S116Y,VUS,,,0.000008132,0,D,0.722,P,11.22
HSC0029,6,34003561,C,T,SNV,GRM4,heterozygous,missense_SNV,exonic:nonsynonymous_SNV:GRM4:NM_001282847:exon8:c.G1402A:p.G468S|exonic:nonsynonymous_SNV:GRM4:NM_001256813:exon9:c.G1927A:p.G643S|exonic:nonsynonymous_SNV:GRM4:NM_001256812:exon8:c.G1819A:p.G607S|exonic:nonsynonymous_SNV:GRM4:NM_001256811:exon8:c.G2185A:p.G729S|exonic:nonsynonymous_SNV:GRM4:NM_001256809:exon7:c.G1978A:p.G660S|exonic:nonsynonymous_SNV:GRM4:NM_000841:exon9:c.G2326A:p.G776S,VUS,,,3.253e-05,0.25,T,0.999,D,26.0
HSC0031,7,32909525,G,A,SNV,KBTBD2,heterozygous,missense_SNV,exonic:nonsynonymous_SNV:KBTBD2:NM_015483:exon4:c.C1304T:p.T435I,VUS,,,,0,D,0.021,B,13.43
HSC0032,1,237982492,G,C,SNV,RYR2,heterozygous,missense_SNV,exonic_splicing:nonsynonymous_SNV:RYR2:NM_001035:exon101:c.G14590C:p.G4864R,VUS,,,,0,D,1.0,D,28.3
HSC0033,8,144891820,C,T,SNV,SCRIB,heterozygous,synonymous_SNV,exonic:synonymous_SNV:SCRIB:NM_182706:exon14:c.G1599A:p.E533E|exonic:synonymous_SNV:SCRIB:NM_015356:exon14:c.G1599A:p.E533E,benign,,,,,,,,
HSC0034,4,155539,C,T,SNV,ZNF718,heterozygous,missense_SNV,exonic:nonsynonymous_SNV:ZNF718:NM_001289931:exon5:c.C968T:p.T323M|exonic:nonsynonymous_SNV:ZNF718:NM_001039127:exon5:c.C1064T:p.T355M|exonic:stopgain:ZNF718:NM_001289930:exon2:c.C841T:p.R281X,VUS,,,0.00006519,,,,,
HSC0035,10,94452211,A,G,SNV,HHEX,heterozygous,missense_SNV,exonic:nonsynonymous_SNV:HHEX:NM_002729:exon2:c.A448G:p.I150V,VUS,,,0.00001626,0.58,T,0.003,B,15.05
HSC0035,15,65447347,G,A,SNV,CLPX,heterozygous,stopgain_SNV,exonic:stopgain:CLPX:NM_006660:exon11:c.C1384T:p.R462X,VUS,,,, , ,,,38
HSC0035,16,20810280,T,C,SNV,ERI2,heterozygous,missense_SNV,exonic:nonsynonymous_SNV:ERI2:NM_001142725:exon9:c.A842G:p.K281R|intronic:ERI2:NM_080663,VUS,,,,0.46,T,0.0,B,0.016
HSC0036,5,115142180,G,A,SNV,CDO1,heterozygous,missense_SNV,exonic:nonsynonymous_SNV:CDO1:NM_001801:exon4:c.C439T:p.H147Y,VUS,,,,0.04,D,0.952,D,15.85
HSC0036,13,101733917,C,A,SNV,NALCN,heterozygous,synonymous_SNV,exonic:synonymous_SNV:NALCN:NM_052867:exon34:c.G3846T:p.S1282S,benign,,,,,,,,
HSC0036,18,28979489,C,A,SNV,DSG4,heterozygous,missense_SNV,exonic:nonsynonymous_SNV:DSG4:NM_177986:exon9:c.C1260A:p.N420K|exonic:nonsynonymous_SNV:DSG4:NM_001134453:exon9:c.C1260A:p.N420K,VUS,,,,1,T,0.062,B,0.004
HSC0037,7,73452048,G,A,SNV,ELN,heterozygous,missense_SNV,exonic:nonsynonymous_SNV:ELN:NM_001278939:exon4:c.G175A:p.G59R|exonic:nonsynonymous_SNV:ELN:NM_001278918:exon3:c.G145A:p.G49R|exonic:nonsynonymous_SNV:ELN:NM_001278917:exon3:c.G145A:p.G49R|exonic:nonsynonymous_SNV:ELN:NM_001278916:exon4:c.G175A:p.G59R|exonic:nonsynonymous_SNV:ELN:NM_001278915:exon4:c.G175A:p.G59R|exonic:nonsynonymous_SNV:ELN:NM_001278914:exon3:c.G145A:p.G49R|exonic:nonsynonymous_SNV:ELN:NM_001278913:exon4:c.G175A:p.G59R|exonic:nonsynonymous_SNV:ELN:NM_001278912:exon4:c.G175A:p.G59R|exonic:nonsynonymous_SNV:ELN:NM_001081755:exon4:c.G175A:p.G59R|exonic:nonsynonymous_SNV:ELN:NM_001081754:exon4:c.G175A:p.G59R|exonic:nonsynonymous_SNV:ELN:NM_001081753:exon4:c.G175A:p.G59R|exonic:nonsynonymous_SNV:ELN:NM_001081752:exon3:c.G145A:p.G49R|exonic:nonsynonymous_SNV:ELN:NM_000501:exon4:c.G175A:p.G59R,VUS,,,,0.78,T,1.0,D,12.22
HSC0037,12,133428285,C,T,SNV,CHFR,heterozygous,missense_SNV,exonic:nonsynonymous_SNV:CHFR:NM_018223:exon12:c.G1324A:p.A442T|exonic:nonsynonymous_SNV:CHFR:NM_001161347:exon10:c.G1171A:p.A391T|exonic:nonsynonymous_SNV:CHFR:NM_001161346:exon12:c.G1411A:p.A471T|exonic:nonsynonymous_SNV:CHFR:NM_001161345:exon12:c.G1444A:p.A482T|exonic:nonsynonymous_SNV:CHFR:NM_001161344:exon12:c.G1447A:p.A483T,VUS,,,,0.38,T,0.407,B,8.053
HSC0038,1,20834429,C,G,SNV,MUL1,heterozygous,missense_SNV,exonic:nonsynonymous_SNV:MUL1:NM_024544:exon1:c.G89C:p.R30P,VUS,,,,0.01,D,0.832,P,33
HSC0039,18,61223399,T,C,SNV,SERPINB12,heterozygous,missense_SNV,exonic:nonsynonymous_SNV:SERPINB12:NM_080474:exon1:c.T7C:p.S3P,VUS,,,,0.21,T,0.997,D,13.72
HSC0040,9,120053713,G,A,SNV,ASTN2,heterozygous,synonymous_SNV,exonic:synonymous_SNV:ASTN2:NM_014010:exon2:c.C522T:p.H174H,benign,,,0.00007319,,,,,
HSC0043,1,20005794,A,G,SNV,HTR6,heterozygous,missense_SNV,exonic:nonsynonymous_SNV:HTR6:NM_000871:exon3:c.A1256G:p.N419S,VUS,,,,,,0.001,B,11.40
HSC0043,12,56216184,C,T,SNV,DNAJC14,heterozygous,missense_SNV,exonic:nonsynonymous_SNV:DNAJC14:NM_032364:exon6:c.G1871A:p.R624Q,VUS,,,,0.14,T,0.276,B,16.91
HSC0043,16,4938113,A,G,SNV,PPL,heterozygous,missense_SNV,exonic:nonsynonymous_SNV:PPL:NM_002705:exon20:c.T2504C:p.V835A,VUS,,,,0.01,D,0.978,D,25.1
HSC0044,X,78011326,G,A,SNV,LPAR4,heterozygous,synonymous_SNV,exonic:synonymous_SNV:LPAR4:NM_005296:exon2:c.G960A:p.K320K|exonic:synonymous_SNV:LPAR4:NM_001278000:exon5:c.G960A:p.K320K,benign,,,,,,,,
HSC0045,7,111386450,G,C,SNV,DOCK4,heterozygous,missense_SNV,exonic:nonsynonymous_SNV:DOCK4:NM_014705:exon43:c.C4590G:p.I1530M,VUS,,,,0.12,T,0.622,P,11.79
HSC0046,4,126239731,G,A,SNV,FAT4,heterozygous,missense_SNV,exonic:nonsynonymous_SNV:FAT4:NM_024582:exon1:c.G2165A:p.G722D|exonic:nonsynonymous_SNV:FAT4:NM_001291303:exon1:c.G2165A:p.G722D|exonic:nonsynonymous_SNV:FAT4:NM_001291285:exon1:c.G2165A:p.G722D,VUS,,,,0.01,D,1.0,D,16.27
HSC0047,1,223567117,G,A,SNV,CCDC185,heterozygous,synonymous_SNV,exonic:synonymous_SNV:CCDC185:NM_152610:exon1:c.G300A:p.R100R,benign,,,,,,,,
HSC0048,3,47162572,T,C,SNV,SETD2,heterozygous,missense_SNV,exonic:nonsynonymous_SNV:SETD2:NM_014159:exon3:c.A3554G:p.N1185S,VUS,,,,0.28,T,0.005,B,3.356
HSC0048,5,33984321,C,A,SNV,SLC45A2,heterozygous,missense_SNV,exonic:nonsynonymous_SNV:SLC45A2:NM_016180:exon1:c.G368T:p.G123V|exonic:nonsynonymous_SNV:SLC45A2:NM_001297417:exon1:c.G368T:p.G123V|exonic:nonsynonymous_SNV:SLC45A2:NM_001012509:exon1:c.G368T:p.G123V,VUS,,,,0.02,D,0.999,D,21.3
HSC0049,7,105195538,T,C,SNV,RINT1,heterozygous,missense_SNV,exonic:nonsynonymous_SNV:RINT1:NM_021930:exon11:c.T1535C:p.L512S,VUS,,,,0.05,D,1.0,D,26.9
HSC0050,1,197150236,A,G,SNV,ZBTB41,heterozygous,missense_SNV,exonic:nonsynonymous_SNV:ZBTB41:NM_194314:exon5:c.T1558C:p.C520R,VUS,,,,0,D,0.998,D,23.5
HSC0050,3,141163597,G,A,SNV,ZBTB38,heterozygous,synonymous_SNV,exonic:synonymous_SNV:ZBTB38:NM_001080412:exon8:c.G2367A:p.P789P,VUS,,,0.00005721,,,,,
HSC0051,4,155506818,C,T,SNV,FGA,heterozygous,missense_SNV,exonic:nonsynonymous_SNV:FGA:NM_021871:exon5:c.G1763A:p.S588N|exonic:nonsynonymous_SNV:FGA:NM_000508:exon5:c.G1763A:p.S588N,VUS,,,,0.16,T,0.003,B,11.37
HSC0051,11,88242280,G,A,SNV,GRM5,heterozygous,missense_SNV,exonic:nonsynonymous_SNV:GRM5:NM_001143831:exon9:c.C3119T:p.P1040L|exonic:nonsynonymous_SNV:GRM5:NM_000842:exon9:c.C3023T:p.P1008L,VUS,,,0.00008086,0.005,D,0.129,B,10.28
HSC0052,1,6453415,G,A,SNV,ACOT7,heterozygous,synonymous_SNV,exonic:synonymous_SNV:ACOT7:NM_007274:exon1:c.C45T:p.D15D,benign,,,,,,,,
HSC0052,5,13885213,G,T,SNV,DNAH5,heterozygous,synonymous_SNV,exonic:synonymous_SNV:DNAH5:NM_001369:exon19:c.C2868A:p.R956R,benign,,,,,,,,
HSC0052,16,87369781,G,T,SNV,FBXO31,heterozygous,missense_SNV,exonic:nonsynonymous_SNV:FBXO31:NM_024735:exon6:c.C822A:p.F274L|exonic:nonsynonymous_SNV:FBXO31:NM_001282683:exon7:c.C306A:p.F102L,VUS,,,,0.02,D,0.987,D,12.74
HSC0053,2,166894285,C,A,SNV,SCN1A,heterozygous,canonical splice site_SNV,intronic_splicing:SCN1A:NM_006920(NM_006920:exon16:c.2913+1G>T)|intronic_splicing:SCN1A:NM_001202435(NM_001202435:exon18:c.2946+1G>T)|intronic_splicing:SCN1A:NM_001165964(NM_001165964:exon16:c.2862+1G>T)|intronic_splicing:SCN1A:NM_001165963(NM_001165963:exon16:c.2946+1G>T),pathogenic,known DEE gene,189935,,,,,,25.3
HSC0054,17,57762556,T,TA,insertion,CLTC,heterozygous,frameshift_insertion,exonic:frameshift_insertion:CLTC:NM_004859:exon29:c.4575dupA:p.V1525fs|exonic:frameshift_insertion:CLTC:NM_001288653:exon29:c.4587dupA:p.V1529fs,pathogenic,see evidence from this study,,,,,,,
HSC0055,7,99792992,G,A,SNV,STAG3,heterozygous,missense_SNV,exonic:nonsynonymous_SNV:STAG3:NM_012447:exon9:c.G928A:p.V310I|exonic:nonsynonymous_SNV:STAG3:NM_001282718:exon7:c.G754A:p.V252I|exonic:nonsynonymous_SNV:STAG3:NM_001282717:exon9:c.G928A:p.V310I|exonic:nonsynonymous_SNV:STAG3:NM_001282716:exon9:c.G928A:p.V310I,VUS,,,0.00001626,0.06,T,0.325,B,35
HSC0056,1,44057125,C,T,SNV,PTPRF,heterozygous,synonymous_SNV,exonic:synonymous_SNV:PTPRF:NM_130440:exon9:c.C1432T:p.L478L|exonic:synonymous_SNV:PTPRF:NM_002840:exon9:c.C1432T:p.L478L,benign,,,,1.0,T,,,10.89
HSC0061,10,135053222,G,A,SNV,VENTX,heterozygous,missense_SNV,exonic:nonsynonymous_SNV:VENTX:NM_014468:exon2:c.G284A:p.R95H,VUS,,,0.00005697,0,D,1.0,D,17.13
HSC0063,12,52180350,G,A,SNV,SCN8A,heterozygous,missense_SNV,exonic:nonsynonymous_SNV:SCN8A:NM_014191:exon22:c.G3967A:p.A1323T|exonic:nonsynonymous_SNV:SCN8A:NM_001177984:exon21:c.G3844A:p.A1282T,likely pathogenic,known DEE gene,195688,,0,D,0.994,D,34
HSC0066,11,111152160,T,A,SNV,C11orf53,heterozygous,missense_SNV,exonic_splicing:nonsynonymous_SNV:C11orf53:NM_198498:exon2:c.T2A:p.M1K,VUS,,,,0.01,D,0.264,B,17.06
HSC0066,15,63925004,C,A,SNV,HERC1,heterozygous,missense_SNV,exonic:nonsynonymous_SNV:HERC1:NM_003922:exon68:c.G12700T:p.D4234Y,VUS,,,,0,D,0.998,D,24.9
HSC0071,7,120614843,G,A,SNV,ING3,heterozygous,stopgain_SNV,exonic:stopgain:ING3:NM_019071:exon12:c.G1202A:p.W401X,VUS,,,, , ,,,26.4
HSC0071,17,71395388,G,A,SNV,SDK2,heterozygous,synonymous_SNV,exonic:synonymous_SNV:SDK2:NM_001144952:exon22:c.C3012T:p.I1004I,VUS,,,0.0000488,,,,,
HSC0075,20,35060732,G,A,SNV,DLGAP4,heterozygous,stopgain_SNV,exonic:stopgain:DLGAP4:NM_014902:exon3:c.G612A:p.W204X,VUS,,,, , ,,,40
HSC0077,1,200378792,G,A,SNV,ZNF281,heterozygous,synonymous_SNV,exonic:synonymous_SNV:ZNF281:NM_012482:exon2:c.C42T:p.T14T|exonic:synonymous_SNV:ZNF281:NM_001281294:exon2:c.C42T:p.T14T|exonic:synonymous_SNV:ZNF281:NM_001281293:exon2:c.C42T:p.T14T,benign,,,,,,,,
HSC0077,3,148459894,G,A,SNV,AGTR1,heterozygous,missense_SNV,exonic:nonsynonymous_SNV:AGTR1:NM_032049:exon3:c.G1159A:p.V387I|exonic:nonsynonymous_SNV:AGTR1:NM_031850:exon4:c.G1177A:p.V393I|exonic:nonsynonymous_SNV:AGTR1:NM_009585:exon2:c.G1072A:p.V358I|exonic:nonsynonymous_SNV:AGTR1:NM_004835:exon3:c.G1177A:p.V393I|exonic:nonsynonymous_SNV:AGTR1:NM_000685:exon3:c.G1072A:p.V358I,VUS,,,,0.27,T,0.0,B,4.562
HSC0079,10,72489980,C,T,SNV,ADAMTS14,heterozygous,synonymous_SNV,exonic:synonymous_SNV:ADAMTS14:NM_139155:exon6:c.C1077T:p.L359L|exonic:synonymous_SNV:ADAMTS14:NM_080722:exon6:c.C1077T:p.L359L,benign,,,,,,,,
HSC0079,12,52200900,A,G,SNV,SCN8A,heterozygous,missense_SNV,exonic:nonsynonymous_SNV:SCN8A:NM_014191:exon27:c.A5630G:p.N1877S|exonic:nonsynonymous_SNV:SCN8A:NM_001177984:exon26:c.A5507G:p.N1836S,pathogenic,known DEE gene,130252,,0,D,0.997,D,16.72
HSC0079,14,73576154,G,A,SNV,RBM25,heterozygous,missense_SNV,exonic:nonsynonymous_SNV:RBM25:NM_021239:exon14:c.G1646A:p.R549H,VUS,,,0.00001626,0.03,D,0.198,B,29.0
HSC0084,9,138675877,G,A,SNV,KCNT1,heterozygous,missense_SNV,exonic:nonsynonymous_SNV:KCNT1:NM_020822:exon25:c.G2849A:p.R950Q|exonic:nonsynonymous_SNV:KCNT1:NM_001272003:exon24:c.G2714A:p.R905Q,likely pathogenic,known DEE gene,286710,,0.009,D,0.723,P,33
HSC0087,2,166237624,A,G,SNV,SCN2A,heterozygous,missense_SNV,exonic:nonsynonymous_SNV:SCN2A:NM_021007:exon25:c.A4468G:p.M1490V|exonic:nonsynonymous_SNV:SCN2A:NM_001040143:exon24:c.A4468G:p.M1490V|exonic:nonsynonymous_SNV:SCN2A:NM_001040142:exon25:c.A4468G:p.M1490V,pathogenic,known DEE gene,224077,,0,D,0.816,P,22.7
HSC0087,11,82560237,C,A,SNV,PRCP,heterozygous,stopgain_SNV,exonic:stopgain:PRCP:NM_199418:exon7:c.G838T:p.G280X|exonic:stopgain:PRCP:NM_005040:exon6:c.G775T:p.G259X,VUS,,,,,,,,6.056
HSC0087,X,54817293,C,T,SNV,ITIH6,heterozygous,missense_SNV,exonic:nonsynonymous_SNV:ITIH6:NM_198510:exon4:c.G593A:p.R198H,VUS,,,0.0001057,0.28,T,0.013,B,11.72
HSC0088,1,11863100,C,T,SNV,MTHFR,heterozygous,missense_SNV,exonic:nonsynonymous_SNV:MTHFR:NM_005957:exon2:c.G74A:p.S25N,VUS,,,,0,D,0.002,B,11.88
HSC0089,2,239186523,C,T,SNV,PER2,heterozygous,missense_SNV,exonic:nonsynonymous_SNV:PER2:NM_022817:exon2:c.G55A:p.V19M,VUS,,,,0.29,T,0.008,B,7.136
HSC0089,8,25315749,G,A,SNV,KCTD9,heterozygous,missense_SNV,exonic:nonsynonymous_SNV:KCTD9:NM_017634:exon1:c.C14T:p.T5I,VUS,,,,0.1,T,0.846,P,22.2
HSC0089,8,86377546,G,T,SNV,CA2,heterozygous,missense_SNV,exonic:nonsynonymous_SNV:CA2:NM_000067:exon2:c.G80T:p.R27L,VUS,,,,0.02,D,0.676,P,18.95
HSC0089,19,42819195,CT,C,deletion,TMEM145,heterozygous,frameshift_deletion,exonic:frameshift_deletion:TMEM145:NM_173633:exon6:c.472delT:p.F158fs,VUS,,,,,,,,
HSC0089,X,18622334,GAC,G,deletion,CDKL5,heterozygous,frameshift_deletion,exonic:frameshift_deletion:CDKL5:NM_003159:exon12:c.1291_1292del:p.T431fs|exonic:frameshift_deletion:CDKL5:NM_001037343:exon13:c.1291_1292del:p.T431fs,pathogenic,known DEE gene,,,,,,,
HSC0090,19,17738730,TTATTCA,T,deletion,UNC13A,heterozygous,nonframeshift_deletion,exonic:nonframeshift_deletion:UNC13A:NM_001080421:exon31:c.3767_3772del:p.1256_1258del,VUS,,,, , ,,,
HSC0091,21,32639011,C,T,SNV,TIAM1,heterozygous,missense_SNV,exonic:nonsynonymous_SNV:TIAM1:NM_003253:exon5:c.G278A:p.R93Q,VUS,,,0.0001153,0,D,0.873,P,23.9
HSC0091,X,70643035,G,A,SNV,TAF1,heterozygous,synonymous_SNV,exonic:synonymous_SNV:TAF1:NM_138923:exon30:c.G4518A:p.A1506A|exonic:synonymous_SNV:TAF1:NM_004606:exon30:c.G4581A:p.A1527A|exonic:synonymous_SNV:TAF1:NM_001286074:exon30:c.G4581A:p.A1527A|ncRNA_intronic:BCYRN1:NR_001568,benign,,,0.0001481,,,,,9.629
HSC0092,4,155531258,A,G,SNV,FGG,heterozygous,missense_SNV,exonic:nonsynonymous_SNV:FGG:NM_021870:exon5:c.T493C:p.C165R|exonic:nonsynonymous_SNV:FGG:NM_000509:exon5:c.T493C:p.C165R,VUS,,,,0,D,1.0,D,21.7
HSC0094,17,17163614,C,A,SNV,COPS3,heterozygous,canonical splice site_SNV,intronic_splicing:COPS3:NM_003653(NM_003653:exon9:c.936+1G>T)|intronic_splicing:COPS3:NM_001199125(NM_001199125:exon9:c.876+1G>T),VUS,,,,,,,,22.1
HSC0094,19,40433582,C,T,SNV,FCGBP,heterozygous,synonymous_SNV,exonic:synonymous_SNV:FCGBP:NM_003890:exon2:c.G687A:p.A229A,VUS,,,0.0000244,,,,,
HSC0096,9,140481549,G,T,SNV,ZMYND19,heterozygous,synonymous_SNV,exonic:synonymous_SNV:ZMYND19:NM_138462:exon4:c.C229A:p.R77R,benign,,,,,,,,
HSC0096,11,65824808,C,T,SNV,SF3B2,heterozygous,missense_SNV,exonic:nonsynonymous_SNV:SF3B2:NM_006842:exon7:c.C739T:p.R247C,VUS,,,0.00001627,0,D,0.683,P,21.5
HSC0097,1,154988769,C,T,SNV,ZBTB7B,heterozygous,missense_SNV,exonic:nonsynonymous_SNV:ZBTB7B:NM_001256455:exon3:c.C1228T:p.R410C|exonic:nonsynonymous_SNV:ZBTB7B:NM_001252406:exon5:c.C1330T:p.R444C,VUS,,,0.000008132,0,D,0.839,P,12.44
HSC0097,12,52200885,G,A,SNV,SCN8A,heterozygous,missense_SNV,exonic:nonsynonymous_SNV:SCN8A:NM_014191:exon27:c.G5615A:p.R1872Q|exonic:nonsynonymous_SNV:SCN8A:NM_001177984:exon26:c.G5492A:p.R1831Q,likely pathogenic,known DEE gene,253297,,0.01,D,0.996,D,19.76
HSC0097,12,132561080,T,C,SNV,EP400,heterozygous,missense_SNV,exonic:nonsynonymous_SNV:EP400:NM_015409:exon52:c.T9041C:p.V3014A,VUS,,,,0.32,T,0.93,D,15.81
HSC0098,4,147561484,G,C,SNV,POU4F2,heterozygous,missense_SNV,exonic:nonsynonymous_SNV:POU4F2:NM_004575:exon2:c.G754C:p.D252H,VUS,,,0.000008168,0.06,T,0.986,D,20.9
HSC0098,12,977606,C,A,SNV,WNK1,heterozygous,missense_SNV,exonic:nonsynonymous_SNV:WNK1:NM_213655:exon10:c.C2969A:p.A990D|exonic:nonsynonymous_SNV:WNK1:NM_001184985:exon9:c.C2714A:p.A905D|intronic:WNK1:NM_018979|intronic:WNK1:NM_014823,VUS,,,0.000008173,0.1,T,0.372,B,14.07
HSC0099,1,43218238,G,A,SNV,LEPRE1,heterozygous,synonymous_SNV,exonic:synonymous_SNV:LEPRE1:NM_022356:exon9:c.C1443T:p.H481H|exonic:synonymous_SNV:LEPRE1:NM_001243246:exon9:c.C1443T:p.H481H|exonic:synonymous_SNV:LEPRE1:NM_001146289:exon9:c.C1443T:p.H481H,VUS,,,,,,,,0.017
HSC0100,9,114304512,G,A,SNV,ZNF483,heterozygous,missense_SNV,exonic:nonsynonymous_SNV:ZNF483:NM_133464:exon6:c.G1297A:p.E433K|intronic:ZNF483:NM_001007169,VUS,,,,0,D,0.012,B,15.52
HSC0103,9,87366905,A,G,SNV,NTRK2,heterozygous,missense_SNV,exonic_splicing:nonsynonymous_SNV:NTRK2:NM_006180:exon14:c.A1301G:p.Y434C|exonic_splicing:nonsynonymous_SNV:NTRK2:NM_001291937:exon14:c.A1262G:p.Y421C|exonic_splicing:nonsynonymous_SNV:NTRK2:NM_001018066:exon12:c.A1301G:p.Y434C|exonic_splicing:nonsynonymous_SNV:NTRK2:NM_001018065:exon12:c.A1301G:p.Y434C|exonic_splicing:nonsynonymous_SNV:NTRK2:NM_001018064:exon11:c.A1301G:p.Y434C|exonic_splicing:nonsynonymous_SNV:NTRK2:NM_001007097:exon12:c.A1301G:p.Y434C,pathogenic,see evidence from this study, ,,0.01,D,1.0,D,16.62
HSC0104,7,148463680,C,T,SNV,CUL1,heterozygous,stopgain_SNV,exonic:stopgain:CUL1:NM_003592:exon8:c.C817T:p.R273X.,VUS,,,, , ,,,41
HSC0104,19,4292742,G,A,SNV,TMIGD2,heterozygous,missense_SNV,exonic:nonsynonymous_SNV:TMIGD2:NM_144615:exon5:c.C703T:p.H235Y|exonic:nonsynonymous_SNV:TMIGD2:NM_001169126:exon5:c.C691T:p.H231Y,VUS,,,,0.87,T,0.132,B,4.882
HSC0105,1,151015570,A,C,SNV,BNIPL,heterozygous,missense_SNV,exonic:nonsynonymous_SNV:BNIPL:NM_138278:exon5:c.A572C:p.D191A|exonic:nonsynonymous_SNV:BNIPL:NM_001159642:exon5:c.A326C:p.D109A,VUS,,,,0.03,D,0.836,P,22.6
HSC0105,11,9462077,G,T,SNV,IPO7,heterozygous,missense_SNV,exonic:nonsynonymous_SNV:IPO7:NM_006391:exon23:c.G2771T:p.G924V,VUS,,,,0.28,T,0.408,B,20.9
HSC0106,1,43905410,C,T,SNV,SZT2,heterozygous,missense_SNV,exonic:nonsynonymous_SNV:SZT2:NM_015284:exon49:c.C6841T:p.R2281C,VUS,,,,0.02,D,0.011,B,15.32
HSC0106,19,32083591,C,T,SNV,THEG5,heterozygous,synonymous_SNV,exonic:synonymous_SNV:THEG5:NM_001278578:exon3:c.C69T:p.L23L|exonic:synonymous_SNV:THEG5:NM_001278577:exon4:c.C69T:p.L23L|exonic:synonymous_SNV:THEG5:NM_001278576:exon4:c.C69T:p.L23L|exonic:synonymous_SNV:THEG5:NM_001278575:exon3:c.C69T:p.L23L|exonic:synonymous_SNV:THEG5:NM_001205273:exon2:c.C93T:p.L31L,benign,,,,,,,,
HSC0107,X,53407981,C,T,SNV,SMC1A,heterozygous,synonymous_SNV,exonic:synonymous_SNV:SMC1A:NM_006306:exon23:c.G3465A:p.L1155L|exonic:synonymous_SNV:SMC1A:NM_001281463:exon24:c.G3399A:p.L1133L,VUS,predicted by Human Splice Finder to possibly to create a cryptic acceptors splice site. , , ,,,,,
HSC0108,7,138774377,A,T,SNV,ZC3HAV1,heterozygous,missense_SNV,exonic:nonsynonymous_SNV:ZC3HAV1:NM_024625:exon2:c.T437A:p.M146K|exonic:nonsynonymous_SNV:ZC3HAV1:NM_020119:exon2:c.T437A:p.M146K,VUS,,,,0,D,0.382,B,15.53
HSC0112,6,119522512,C,T,SNV,MAN1A1,heterozygous,missense_SNV,exonic_splicing:nonsynonymous_SNV:MAN1A1:NM_005907:exon8:c.G1117A:p.V373I,VUS,,,,0.16,T,0.998,D,26.4
HSC0114,6,33243825,G,A,SNV,RPS18,heterozygous,synonymous_SNV,exonic:synonymous_SNV:RPS18:NM_022551:exon4:c.G273A:p.K91K,benign,,,,,,,,
HSC0115,6,10587086,A,G,SNV,GCNT2,heterozygous,synonymous_SNV,exonic:synonymous_SNV:GCNT2:NM_145655:exon1:c.A864G:p.Q288Q|intronic:GCNT2:NM_145649|intronic:GCNT2:NM_001491,benign,,,0.00002473,,,,,
HSC0115,7,31124956,A,G,SNV,ADCYAP1R1,heterozygous,missense_SNV,exonic:nonsynonymous_SNV:ADCYAP1R1:NM_001199637:exon7:c.A505G:p.M169V|exonic:nonsynonymous_SNV:ADCYAP1R1:NM_001199636:exon9:c.A568G:p.M190V|exonic:nonsynonymous_SNV:ADCYAP1R1:NM_001199635:exon9:c.A568G:p.M190V|exonic:nonsynonymous_SNV:ADCYAP1R1:NM_001118:exon9:c.A568G:p.M190V,VUS,,,,0.02,D,0.795,P,17.25
HSC0115,19,17838259,C,T,SNV,MAP1S,heterozygous,missense_SNV,exonic:nonsynonymous_SNV:MAP1S:NM_018174:exon5:c.C2066T:p.P689L,VUS,,,,0,D,0.998,D,16.35
HSC0116,9,138671275,G,A,SNV,KCNT1,heterozygous,missense_SNV,exonic:nonsynonymous_SNV:KCNT1:NM_020822:exon24:c.G2800A:p.A934T|exonic:nonsynonymous_SNV:KCNT1:NM_001272003:exon23:c.G2665A:p.A889T,pathogenic,known DEE gene,"39594 (GoF, PMID: 23086397)",,0.11,T,0.656,P,20
HSC0117,1,9323885,G,A,SNV,H6PD,heterozygous,missense_SNV,exonic:nonsynonymous_SNV:H6PD:NM_004285:exon5:c.G1333A:p.D445N|exonic:nonsynonymous_SNV:H6PD:NM_001282587:exon5:c.G1366A:p.D456N,VUS,,,0.0011,0.31,T,0.522,P,11.90
HSC0117,3,38357147,G,A,SNV,SLC22A14,heterozygous,missense_SNV,exonic:nonsynonymous_SNV:SLC22A14:NM_004803:exon8:c.G1477A:p.A493T,VUS,,,0.00009886,0.02,D,0.477,P,11.26
HSC0118,1,205350962,T,C,SNV,LEMD1,heterozygous,synonymous_SNV,exonic:synonymous_SNV:LEMD1:NM_001199052:exon3:c.A105G:p.A35A|exonic:synonymous_SNV:LEMD1:NM_001001552:exon4:c.A228G:p.A76A|exonic:nonsynonymous_SNV:LEMD1:NM_001199051:exon5:c.A247G:p.T83A|exonic:nonsynonymous_SNV:LEMD1:NM_001199050:exon6:c.A370G:p.T124A,benign,,,,,,0.003,B,10.37
HSC0118,2,44559626,C,T,SNV,PREPL,heterozygous,missense_SNV,exonic:nonsynonymous_SNV:PREPL:NM_006036:exon8:c.G1325A:p.R442H|exonic:nonsynonymous_SNV:PREPL:NM_001171617:exon8:c.G1058A:p.R353H|exonic:nonsynonymous_SNV:PREPL:NM_001171613:exon8:c.G1058A:p.R353H|exonic:nonsynonymous_SNV:PREPL:NM_001171606:exon9:c.G1325A:p.R442H|exonic:nonsynonymous_SNV:PREPL:NM_001171603:exon9:c.G1325A:p.R442H|exonic:nonsynonymous_SNV:PREPL:NM_001042385:exon7:c.G1139A:p.R380H|intronic:PREPL:NM_001042386,VUS,,,0.00002473,0.08,T,0.989,D,9.310
HSC0119,6,69349095,G,C,SNV,BAI3,heterozygous,missense_SNV,exonic:nonsynonymous_SNV:NM_001704.2:c.528G>C:p.(Glu176Asp),VUS,,,,0.42,T,0.931,D,10.68
HSC0119,X,18943824,A,G,SNV,PHKA2,hemizygous,missense_SNV,exonic:nonsynonymous_SNV:PHKA2:NM_000292:exon15:c.T1531C:p.Y511H,VUS,,,,0,D,1.0,D,27.9
HSC0120,3,192053223,C,T,SNV,FGF12,heterozygous,missense_SNV,exonic:nonsynonymous_SNV:FGF12:NM_021032:exon3:c.G341A:p.R114H|exonic:nonsynonymous_SNV:FGF12:NM_004113:exon4:c.G155A:p.R52H,pathogenic,known DEE gene,266034 (GoF; PMID: 27164707),,0.052,T,0.682,P,19.22
HSJ0048,8,110334578,A,T,SNV,NUDCD1,heterozygous,missense_SNV,exonic:nonsynonymous_SNV:NUDCD1:NM_032869:exon2:c.T233A:p.I78N|exonic:nonsynonymous_SNV:NUDCD1:NM_001128211:exon2:c.T146A:p.I49N,, ,,,0,D,0.819,P,24.9
HSJ0048,9,101068555,C,A,SNV,GABBR2,heterozygous,missense_SNV,exonic:nonsynonymous_SNV:GABBR2:NM_005458:exon15:c.G2077T:p.G693W,likely pathogenic,see evidence from this study,,,0,D,1.0,D,26.1
HSJ0048,11,108012352,AAAG,A,deletion,ACAT1,heterozygous,nonframeshift_deletion,exonic:nonframeshift_deletion:ACAT1:NM_000019:exon8:c.752_754del:p.251_252del,VUS,,,0.000008132,,,,,
HSJ0085,20,62071019,T,C,SNV,KCNQ2,heterozygous,missense_SNV,exonic:nonsynonymous_SNV:KCNQ2:NM_172109:exon6:c.A859G:p.T287A|exonic:nonsynonymous_SNV:KCNQ2:NM_172108:exon6:c.A859G:p.T287A|exonic:nonsynonymous_SNV:KCNQ2:NM_172107:exon6:c.A859G:p.T287A|exonic:nonsynonymous_SNV:KCNQ2:NM_172106:exon6:c.A859G:p.T287A|exonic:nonsynonymous_SNV:KCNQ2:NM_004518:exon6:c.A859G:p.T287A,likely pathogenic,known DEE gene,,,0,D,0.983,D,23.2
HSJ0106,2,197090524,G,A,SNV,HECW2,heterozygous,missense_SNV,exonic:nonsynonymous_SNV:HECW2:NM_020760:exon23:c.C3988T:p.R1330W,pathogenic,known DEE gene,242318,,0.01,D,0.99,D,18.90
HSJ0140,2,168108187,A,G,SNV,XIRP2,heterozygous,missense_SNV,exonic:nonsynonymous_SNV:XIRP2:NM_152381:exon9:c.A10285G:p.I3429V|exonic:nonsynonymous_SNV:XIRP2:NM_001199144:exon7:c.A9619G:p.I3207V|intronic:XIRP2:NM_001199145|intronic:XIRP2:NM_001199143|intronic:XIRP2:NM_001079810,VUS,,,,0.82,T,0.001,B,0.017
HSJ0140,2,204259454,G,A,SNV,ABI2,heterozygous,missense_SNV,exonic:nonsynonymous_SNV:ABI2:NM_005759:exon5:c.G592A:p.V198M|exonic:nonsynonymous_SNV:ABI2:NM_001282932:exon6:c.G424A:p.V142M|exonic:nonsynonymous_SNV:ABI2:NM_001282927:exon5:c.G457A:p.V153M|exonic:nonsynonymous_SNV:ABI2:NM_001282926:exon5:c.G592A:p.V198M|exonic:nonsynonymous_SNV:ABI2:NM_001282925:exon6:c.G610A:p.V204M,VUS,,,,0,D,1.0,D,31
HSJ0140,6,131186697,C,T,SNV,EPB41L2,heterozygous,synonymous_SNV,exonic:synonymous_SNV:EPB41L2:NM_001431:exon17:c.G2808A:p.T936T|exonic:synonymous_SNV:EPB41L2:NM_001252660:exon14:c.G2034A:p.T678T|exonic:synonymous_SNV:EPB41L2:NM_001199388:exon15:c.G2349A:p.T783T|intronic:EPB41L2:NM_001135555|intronic:EPB41L2:NM_001135554,VUS,,,,,,,,
HSJ0144,X,53285177,AG,A,deletion,IQSEC2,hemizygous,frameshift_deletion,exonic:frameshift_deletion:IQSEC2:NM_015075:exon3:c.189delC:p.P64fs|exonic:frameshift_deletion:IQSEC2:NM_001111125:exon3:c.804delC:p.Tyr269Thrfs*3,pathogenic,known DEE/ID gene,280241,,,,,,
HSJ0157,2,216251421,G,T,SNV,FN1,heterozygous,missense_SNV,exonic:nonsynonymous_SNV:FN1:NM_212482:exon28:c.C4603A:p.Q1535K|exonic:nonsynonymous_SNV:FN1:NM_212478:exon27:c.C4330A:p.Q1444K|exonic:nonsynonymous_SNV:FN1:NM_212476:exon27:c.C4330A:p.Q1444K|exonic:nonsynonymous_SNV:FN1:NM_212474:exon27:c.C4330A:p.Q1444K|exonic:nonsynonymous_SNV:FN1:NM_002026:exon27:c.C4330A:p.Q1444K,, ,,0.00004066,0.06,T,0.997,D,23.4
HSJ0213,1,151015520,T,C,SNV,BNIPL,heterozygous,synonymous_SNV,exonic:synonymous_SNV:BNIPL:NM_138278:exon5:c.T522C:p.D174D|exonic:synonymous_SNV:BNIPL:NM_001159642:exon5:c.T276C:p.D92D,benign,,,0.00007319,,,,,
HSJ0213,X,41205861,G,A,SNV,DDX3X,heterozygous,missense_SNV,exonic:nonsynonymous_SNV:DDX3X:NM_001356:exon14:c.G1601A:p.R534H|exonic:nonsynonymous_SNV:DDX3X:NM_001193417:exon13:c.G1553A:p.R518H|exonic:nonsynonymous_SNV:DDX3X:NM_001193416:exon14:c.G1601A:p.R534H,likely pathogenic,known ID gene,,,0,D,0.993,D,29.4
HSJ0231,5,88100504,A,C,SNV,MEF2C,heterozygous,missense_SNV,exonic:nonsynonymous_SNV:MEF2C:NM_002397:exon3:c.T169G:p.Y57D|exonic:nonsynonymous_SNV:MEF2C:NM_001193350:exon3:c.T169G:p.Y57D|exonic:nonsynonymous_SNV:MEF2C:NM_001193349:exon2:c.T169G:p.Y57D|exonic:nonsynonymous_SNV:MEF2C:NM_001193348:exon2:c.T169G:p.Y57D|exonic:nonsynonymous_SNV:MEF2C:NM_001193347:exon4:c.T169G:p.Y57D|exonic:nonsynonymous_SNV:MEF2C:NM_001131005:exon4:c.T169G:p.Y57D,likely pathogenic,known DEE/ID gene,,,0,D,1.0,D,29.4
HSJ0231,20,57562790,CTG,C,deletion,NELFCD,heterozygous,frameshift_deletion,exonic:frameshift_deletion:NELFCD:NM_198976:exon4:c.369_370del:p.T123fs,VUS,,,,,,,,
HSJ0243,2,166245202,G,A,SNV,SCN2A,heterozygous,missense_SNV,exonic:nonsynonymous_SNV:SCN2A:NM_021007:exon27:c.G4886A:p.R1629H|exonic:nonsynonymous_SNV:SCN2A:NM_001040143:exon26:c.G4886A:p.R1629H|exonic:nonsynonymous_SNV:SCN2A:NM_001040142:exon27:c.G4886A:p.R1629H,pathogenic,known DEE gene,207019,,0,D,0.829,P,16.73
HSJ0243,16,23713802,G,A,SNV,ERN2,heterozygous,synonymous_SNV,exonic:synonymous_SNV:ERN2:NM_033266:exon10:c.C1134T:p.L378L,benign,,,,,,,,
HSJ0288,2,183584777,C,G,SNV,DNAJC10,heterozygous,missense_SNV,exonic:nonsynonymous_SNV:DNAJC10:NM_018981:exon4:c.C248G:p.A83G|exonic:nonsynonymous_SNV:DNAJC10:NM_001271581:exon4:c.C248G:p.A83G,VUS,,,,0.22,T,0.995,D,32
HSJ0288,17,18087798,G,A,SNV,ALKBH5,heterozygous,missense_SNV,exonic:nonsynonymous_SNV:ALKBH5:NM_017758:exon1:c.G241A:p.E81K,VUS,,,0.000008159,0.06,T,0.994,D,29.4
HSJ0335,3,113507589,C,A,SNV,ATP6V1A,heterozygous,missense_SNV,exonic:nonsynonymous_SNV:ATP6V1A:NM_001690:exon7:c.C746A:p.P249H,VUS,,,,0,D,0.997,D,24.6
HSJ0335,9,87570419,C,T,SNV,NTRK2,heterozygous,missense_SNV,exonic:nonsynonymous_SNV:NTRK2:NM_006180:exon19:c.C2159T:p.T720I|exonic:nonsynonymous_SNV:NTRK2:NM_001018064:exon15:c.C2111T:p.T704I,likely pathogenic,see evidence from this study,,,0.00,D,0.998,D,27.6
HSJ0335,16,28488883,C,T,SNV,CLN3,heterozygous,missense_SNV,exonic:nonsynonymous_SNV:CLN3:NM_001286110:exon14:c.G1109A:p.G370E|exonic:nonsynonymous_SNV:CLN3:NM_001286109:exon13:c.G1037A:p.G346E|exonic:nonsynonymous_SNV:CLN3:NM_001286105:exon13:c.G971A:p.G324E|exonic:nonsynonymous_SNV:CLN3:NM_001286104:exon15:c.G1199A:p.G400E|exonic:nonsynonymous_SNV:CLN3:NM_001042432:exon16:c.G1271A:p.G424E|exonic:nonsynonymous_SNV:CLN3:NM_000086:exon15:c.G1271A:p.G424E,VUS,,,0.000008132,0,D,1.0,D,20.7
HSJ0338,3,157177979,T,C,SNV,VEPH1,heterozygous,missense_SNV,exonic:nonsynonymous_SNV:VEPH1:NM_024621:exon4:c.A520G:p.I174V|exonic:nonsynonymous_SNV:VEPH1:NM_001167917:exon3:c.A520G:p.I174V|exonic:nonsynonymous_SNV:VEPH1:NM_001167916:exon4:c.A520G:p.I174V|exonic:nonsynonymous_SNV:VEPH1:NM_001167915:exon5:c.A520G:p.I174V|exonic:nonsynonymous_SNV:VEPH1:NM_001167912:exon4:c.A520G:p.I174V|exonic:nonsynonymous_SNV:VEPH1:NM_001167911:exon4:c.A520G:p.I174V,VUS,,,,0.32,T,0.005,B,9.394
HSJ0338,X,153197863,G,A,SNV,NAA10,heterozygous,missense_SNV,exonic:nonsynonymous_SNV:NAA10:NM_003491:exon5:c.C247T:p.R83C|exonic:nonsynonymous_SNV:NAA10:NM_001256120:exon5:c.C229T:p.R77C|exonic:nonsynonymous_SNV:NAA10:NM_001256119:exon5:c.C247T:p.R83C,pathogenic,known ID gene,208664,,0,D,0.875,P,19.38
HSJ0346,8,22548114,C,G,SNV,EGR3,heterozygous,missense_SNV,exonic:nonsynonymous_SNV:EGR3:NM_004430:exon2:c.G1036C:p.D346H|exonic:nonsynonymous_SNV:EGR3:NM_001199881:exon2:c.G874C:p.D292H|exonic:nonsynonymous_SNV:EGR3:NM_001199880:exon2:c.G922C:p.D308H,VUS,,,,0,D,0.999,D,20.4
HSJ0346,13,21562891,G,A,SNV,LATS2,heterozygous,missense_SNV,exonic:nonsynonymous_SNV:LATS2:NM_014572:exon4:c.C1028T:p.P343L,VUS,,,0.000008207,0.43,T,0.001,B,8.927
HSJ0348,8,41790224,G,A,SNV,KAT6A,heterozygous,synonymous_SNV,exonic:synonymous_SNV:KAT6A:NM_006766:exon17:c.C5514T:p.G1838G|exonic:synonymous_SNV:KAT6A:NM_001099413:exon18:c.C5514T:p.G1838G|exonic:synonymous_SNV:KAT6A:NM_001099412:exon18:c.C5514T:p.G1838G,VUS,,,,,,,,
HSJ0368,12,53005016,C,A,SNV,KRT73,heterozygous,missense_SNV,exonic:nonsynonymous_SNV:KRT73:NM_175068:exon6:c.G1082T:p.R361L,VUS,,,,0,D,0.849,P,18.89
HSJ0389,1,12057477,A,G,SNV,MFN2,heterozygous,missense_SNV,exonic_splicing:nonsynonymous_SNV:MFN2:NM_014874:exon6:c.A598G:p.S200G|exonic_splicing:nonsynonymous_SNV:MFN2:NM_001127660:exon5:c.A598G:p.S200G,VUS,,,,0,D,0.835,P,29.2
HSJ0389,6,56513369,T,G,SNV,DST,heterozygous,missense_SNV,exonic_splicing:nonsynonymous_SNV:DST:NM_183380:exon9:c.A920C:p.K307T|exonic_splicing:nonsynonymous_SNV:DST:NM_001144770:exon10:c.A1040C:p.K347T|exonic_splicing:nonsynonymous_SNV:DST:NM_001144769:exon12:c.A1454C:p.K485T|ncRNA_intronic:RNU6-71P:NR_046940,VUS,,,,0,D,0.999,D,18.18
HSJ0389,15,85164354,G,A,SNV,ZSCAN2,heterozygous,missense_SNV,exonic:nonsynonymous_SNV:ZSCAN2:NM_181877:exon3:c.G928A:p.E310K,VUS,,,0.000008132,,,0.669,P,15.17
HSJ0389,17,59477668,C,T,SNV,TBX2,heterozygous,missense_SNV,exonic:nonsynonymous_SNV:TBX2:NM_005994:exon1:c.C131T:p.P44L,VUS,,,,0.14,T,0.995,D,17.19
HSJ0410,1,109477385,G,A,SNV,CLCC1,heterozygous,synonymous_SNV,exonic:synonymous_SNV:CLCC1:NM_015127:exon11:c.C1413T:p.A471A|exonic:synonymous_SNV:CLCC1:NM_001278203:exon6:c.C1008T:p.A336A|exonic:synonymous_SNV:CLCC1:NM_001278202:exon8:c.C1200T:p.A400A|exonic:synonymous_SNV:CLCC1:NM_001048210:exon11:c.C1563T:p.A521A,benign,,,0.00003253,,,,,
HSJ0410,9,134501781,G,A,SNV,RAPGEF1,heterozygous,synonymous_SNV,exonic:synonymous_SNV:RAPGEF1:NM_198679:exon10:c.C1233T:p.L411L|exonic:synonymous_SNV:RAPGEF1:NM_005312:exon10:c.C1179T:p.L393L,benign,,,,,,,,
HSJ0410,12,121154494,G,A,SNV,UNC119B,heterozygous,missense_SNV,exonic:nonsynonymous_SNV:UNC119B:NM_001080533:exon3:c.G422A:p.R141H,VUS,,,,0.05,D,0.652,P,24.2
HSJ0410,19,42482344,C,A,SNV,ATP1A3,heterozygous,missense_SNV,exonic:nonsynonymous_SNV:ATP1A3:NM_152296:exon13:c.G1765T:p.V589F|exonic:nonsynonymous_SNV:ATP1A3:NM_001256214:exon13:c.G1804T:p.V602F|exonic:nonsynonymous_SNV:ATP1A3:NM_001256213:exon13:c.G1798T:p.V600F,likely pathogenic,known ID gene, ,,0,D,0.999,D,26.1
HSJ0410,19,47422257,C,T,SNV,ARHGAP35,heterozygous,stopgain_SNV,exonic:stopgain:ARHGAP35:NM_004491:exon1:c.C325T:p.R109X,VUS,,,, , ,,,35
HSJ0457,1,17982513,C,T,SNV,ARHGEF10L,heterozygous,missense_SNV,exonic:nonsynonymous_SNV:ARHGEF10L:NM_018125:exon24:c.C2621T:p.A874V|exonic:nonsynonymous_SNV:ARHGEF10L:NM_001011722:exon22:c.C2504T:p.A835V,VUS,,,0.0000415,0.37,T,0.056,B,4.298
HSJ0461,2,242054727,C,T,SNV,PASK,heterozygous,synonymous_SNV,exonic:synonymous_SNV:PASK:NM_015148:exon13:c.G3174A:p.R1058R|exonic:synonymous_SNV:PASK:NM_001252124:exon13:c.G3174A:p.R1058R|exonic:synonymous_SNV:PASK:NM_001252122:exon13:c.G3069A:p.R1023R|exonic:synonymous_SNV:PASK:NM_001252120:exon14:c.G3174A:p.R1058R|exonic:synonymous_SNV:PASK:NM_001252119:exon13:c.G3174A:p.R1058R,benign,,,,,,,,
HSJ0461,9,130985111,T,G,SNV,DNM1,heterozygous,missense_SNV,exonic:nonsynonymous_SNV:DNM1:NM_004408:exon9:c.T1168G:p.Y390D|exonic:nonsynonymous_SNV:DNM1:NM_001288739:exon9:c.T1168G:p.Y390D|exonic:nonsynonymous_SNV:DNM1:NM_001288738:exon9:c.T1168G:p.Y390D|exonic:nonsynonymous_SNV:DNM1:NM_001288737:exon9:c.T1168G:p.Y390D|exonic:nonsynonymous_SNV:DNM1:NM_001005336:exon9:c.T1168G:p.Y390D,likely pathogenic,known DEE gene,,,0.03,D,0.977,D,26.1
HSJ0461,22,22035607,G,T,SNV,PPIL2,heterozygous,synonymous_SNV,exonic:synonymous_SNV:PPIL2:NM_148176:exon7:c.G315T:p.V105V|exonic:synonymous_SNV:PPIL2:NM_148175:exon7:c.G315T:p.V105V|exonic:synonymous_SNV:PPIL2:NM_014337:exon7:c.G315T:p.V105V,benign,,,0.000008132,,,,,
HSJ0491,6,127607978,T,C,SNV,RNF146,heterozygous,missense_SNV,exonic:nonsynonymous_SNV:RNF146:NM_030963:exon5:c.T217C:p.C73R|exonic:nonsynonymous_SNV:RNF146:NM_001242852:exon5:c.T217C:p.C73R|exonic:nonsynonymous_SNV:RNF146:NM_001242851:exon3:c.T220C:p.C74R|exonic:nonsynonymous_SNV:RNF146:NM_001242850:exon3:c.T220C:p.C74R|exonic:nonsynonymous_SNV:RNF146:NM_001242849:exon3:c.T220C:p.C74R|exonic:nonsynonymous_SNV:RNF146:NM_001242846:exon5:c.T217C:p.C73R|exonic:nonsynonymous_SNV:RNF146:NM_001242845:exon5:c.T217C:p.C73R|exonic:nonsynonymous_SNV:RNF146:NM_001242844:exon5:c.T217C:p.C73R,VUS,,,,0.01,D,0.983,D,16.89
HSJ0512,11,3249410,G,A,SNV,MRGPRE,heterozygous,missense_SNV,exonic:nonsynonymous_SNV:MRGPRE:NM_001039165:exon2:c.C620T:p.P207L,VUS,,,0.000008573,0.15,T,0.05,B,10.05
HSJ0512,12,117462123,C,T,SNV,FBXW8,heterozygous,synonymous_SNV,exonic_splicing:synonymous_SNV:FBXW8:NM_153348:exon9:c.C1539T:p.S513S|exonic_splicing:synonymous_SNV:FBXW8:NM_012174:exon9:c.C1341T:p.S447S,benign,,,,,,,,
HSJ0512,X,18807354,C,T,SNV,PPEF1,heterozygous,missense_SNV,exonic:nonsynonymous_SNV:PPEF1:NM_152226:exon13:c.C1028T:p.S343F|exonic:nonsynonymous_SNV:PPEF1:NM_006240:exon13:c.C1028T:p.S343F|intronic:PPEF1:NM_152224,VUS,,,,0.07,T,0.116,B,10.39
HSJ0514,16,11990417,A,C,SNV,GSPT1,heterozygous,missense_SNV,exonic_splicing:nonsynonymous_SNV:GSPT1:NM_002094:exon4:c.T662G:p.V221G|exonic_splicing:nonsynonymous_SNV:GSPT1:NM_001130007:exon4:c.T248G:p.V83G|exonic_splicing:nonsynonymous_SNV:GSPT1:NM_001130006:exon4:c.T659G:p.V220G,VUS,,,,0,D,0.955,D,17.00
HSJ0515,17,76430214,G,A,SNV,DNAH17,heterozygous,missense_SNV,exonic:nonsynonymous_SNV:DNAH17:NM_173628:exon75:c.C12121T:p.R4041C,VUS,,,0.00008945,0,D,0.957,D,25.5
HSJ0520,8,87568342,C,T,SNV,CPNE3,heterozygous,missense_SNV,exonic:nonsynonymous_SNV:CPNE3:NM_003909:exon16:c.C1267T:p.L423F,VUS,,,,0,D,0.651,P,22.3
HSJ0520,X,73961456,T,TGGAAA,insertion,KIAA2022,hemizygous,frameshift_insertion,exonic:frameshift_insertion:KIAA2022:NM_001008537:exon3:c.2935_2936insTTTCC:p.Q979fs,pathogenic,known DEE/ID gene,,,,,,,
HSJ0537,2,166848467,G,T,SNV,SCN1A,heterozygous,missense_SNV,exonic:nonsynonymous_SNV:SCN1A:NM_006920:exon26:c.C5285A:p.S1762Y|exonic:nonsynonymous_SNV:SCN1A:NM_001202435:exon28:c.C5318A:p.S1773Y|exonic:nonsynonymous_SNV:SCN1A:NM_001165964:exon26:c.C5234A:p.S1745Y|exonic:nonsynonymous_SNV:SCN1A:NM_001165963:exon26:c.C5318A:p.S1773Y|ncRNA_intronic:LOC102724058:NR_110598,likely pathogenic,known DEE gene,68568,,0,D,0.99,D,20.1
HSJ0537,3,45266922,G,C,SNV,TMEM158,heterozygous,missense_SNV,exonic:nonsynonymous_SNV:TMEM158:NM_015444:exon1:c.C598G:p.L200V,VUS,,,,0.13,T,0.103,B,12.67
HSJ0543,15,42164587,G,A,SNV,SPTBN5,heterozygous,missense_SNV,exonic:nonsynonymous_SNV:SPTBN5:NM_016642:exon27:c.C5078T:p.T1693I,VUS,,,,0.46,T,0.037,B,15.32
HSJ0563,5,161576159,G,A,SNV,GABRG2,heterozygous,missense_SNV,exonic:nonsynonymous_SNV:GABRG2:NM_198904:exon8:c.G968A:p.R323Q|exonic:nonsynonymous_SNV:GABRG2:NM_198903:exon9:c.G1088A:p.R363Q|exonic:nonsynonymous_SNV:GABRG2:NM_000816:exon8:c.G968A:p.R323Q,pathogenic,known DEE/ID gene,"60708; LoF, PMID: 27864268",,0,D,1.0,D,36
HSJ0570,2,166166916,G,A,SNV,SCN2A,heterozygous,missense_SNV,exonic:nonsynonymous_SNV:SCN2A:NM_021007:exon7:c.G781A:p.V261M|exonic:nonsynonymous_SNV:SCN2A:NM_001040143:exon6:c.G781A:p.V261M|exonic:nonsynonymous_SNV:SCN2A:NM_001040142:exon7:c.G781A:p.V261M,likely pathogenic,known DEE gene,378927,,0,D,1.0,D,19.88
HSJ0575,2,71298850,C,T,SNV,NAGK,heterozygous,missense_SNV,exonic:nonsynonymous_SNV:NAGK:NM_017567:exon4:c.C386T:p.A129V,VUS,,,,0.3,T,0.756,P,34
HSJ0575,16,2052419,T,C,SNV,ZNF598,heterozygous,missense_SNV,exonic_splicing:nonsynonymous_SNV:ZNF598:NM_178167:exon7:c.A683G:p.Y228C,VUS,,,,0,D,0.999,D,18.77
HSJ0577,17,44772012,T,C,SNV,NSF,heterozygous,missense_SNV,exonic:nonsynonymous_SNV:NSF:NM_006178:exon12:c.T1358C:p.M453T,VUS,,,,0.01,D,0.821,P,15.67
HSJ0615,17,33289473,T,G,SNV,ZNF830,heterozygous,missense_SNV,exonic:nonsynonymous_SNV:ZNF830:NM_052857:exon1:c.T888G:p.D296E,VUS,,,,0.5,T,0.999,D,18.90
HSJ0615,4,146695687,A,C,SNV,ZNF827,heterozygous,missense_SNV,exonic:nonsynonymous_SNV:ZNF827:NM_178835:exon11:c.T2831G:p.I944R,VUS,,,,0,D,0.399,B,18.15
HSJ0622,9,105765507,A,C,SNV,CYLC2,heterozygous,synonymous_SNV,exonic:synonymous_SNV:CYLC2:NM_001340:exon3:c.A142C:p.R48R,benign,,,,,,,,
HSJ0622,10,121341987,C,T,SNV,TIAL1,heterozygous,missense_SNV,exonic:nonsynonymous_SNV:TIAL1:NM_003252:exon3:c.G212A:p.R71K|exonic:nonsynonymous_SNV:TIAL1:NM_001033925:exon3:c.G263A:p.R88K,VUS,,,,0.18,T,0.997,D,27.5
HSJ0622,11,108361827,A,C,SNV,KDELC2,heterozygous,synonymous_SNV,exonic:synonymous_SNV:KDELC2:NM_153705:exon2:c.T270G:p.P90P,benign,,,,,,,,
HSJ0623,6,117996952,G,GCTGCCGCGCCGCCT,insertion,NUS1,heterozygous,frameshift_insertion,exonic:frameshift_insertion:NUS1:NM_138459.4:exon1:c.128_141dup:p.V48Pfs*7,pathogenic,see evidence from this study,,,,,,,
HSJ0623,13,42875776,C,G,SNV,AKAP11,heterozygous,missense_SNV,exonic:nonsynonymous_SNV:AKAP11:NM_016248:exon8:c.C2894G:p.A965G,VUS,,,,0.19,T,0.003,B,9.333
HSJ0623,19,10943720,A,G,SNV,TMED1,heterozygous,missense_SNV,exonic:nonsynonymous_SNV:TMED1:NM_006858:exon4:c.T635C:p.V212A,VUS,,,,0,D,0.968,D,24.6
HSJ0627,4,5170068,A,G,SNV,STK32B,heterozygous,missense_SNV,exonic:nonsynonymous_SNV:STK32B:NM_018401:exon3:c.A151G:p.M51V,VUS,,,0.000008132,0,D,0.612,P,23.1
HSJ0627,12,52865082,T,C,SNV,KRT6C,heterozygous,canonical splice site_SNV,intronic_splicing:KRT6C:NM_173086(NM_173086:exon6:c.913-2A>G),VUS,,,,,,,,15.71
HSJ0627,12,56349893,T,C,SNV,PMEL,heterozygous,missense_SNV,exonic:nonsynonymous_SNV:PMEL:NM_006928:exon8:c.A1465G:p.I489V|exonic:nonsynonymous_SNV:PMEL:NM_001200054:exon7:c.A1465G:p.I489V|exonic:nonsynonymous_SNV:PMEL:NM_001200053:exon5:c.A1207G:p.I403V,VUS,,,0.000008132,0.17,T,0.965,D,16.11
HSJ0627,19,31039670,G,A,SNV,ZNF536,heterozygous,synonymous_SNV,exonic:synonymous_SNV:ZNF536:NM_014717:exon4:c.G3144A:p.A1048A,benign,,,,,,,,
HSJ0628,14,23944490,A,T,SNV,NGDN,heterozygous,synonymous_SNV,exonic:synonymous_SNV:NGDN:NM_015514:exon4:c.A255T:p.A85A|exonic:synonymous_SNV:NGDN:NM_001042635:exon4:c.A255T:p.A85A,benign,,,,,,,,10.36
HSJ0628,18,9255261,A,G,SNV,ANKRD12,heterozygous,missense_SNV,exonic:nonsynonymous_SNV:ANKRD12:NM_015208:exon9:c.A1996G:p.K666E|exonic:nonsynonymous_SNV:ANKRD12:NM_001204056:exon8:c.A1927G:p.K643E|exonic:nonsynonymous_SNV:ANKRD12:NM_001083625:exon8:c.A1927G:p.K643E,VUS,,,,0.01,D,0.074,B,10.06
HSJ0628,19,51206806,G,A,SNV,SHANK1,heterozygous,stopgain_SNV,exonic:stopgain:SHANK1:NM_016148:exon10:c.C1504T:p.R502X,VUS,,,0.000008694, , ,,,38
HSJ0632,4,69535702,A,G,SNV,UGT2B15,heterozygous,missense_SNV,exonic:nonsynonymous_SNV:UGT2B15:NM_001076:exon1:c.T635C:p.I212T,VUS,,,0.00001626,0.03,D,0.012,B,6.605
HSJ0632,6,35745296,T,C,SNV,CLPSL2,heterozygous,synonymous_SNV,exonic:synonymous_SNV:CLPSL2:NM_207409:exon2:c.T145C:p.L49L|exonic:synonymous_SNV:CLPSL2:NM_001286550:exon2:c.T145C:p.L49L,benign,,,,,,,,
HSJ0636,13,110814585,T,C,SNV,COL4A1,heterozygous,missense_SNV,exonic:nonsynonymous_SNV:COL4A1:NM_001845:exon48:c.A4454G:p.Q1485R,likely pathogenic,known ID gene,,,0,D,1.0,D,15.68
HSJ0637,2,112605316,T,G,SNV,ANAPC1,heterozygous,missense_SNV,exonic:nonsynonymous_SNV:ANAPC1:NM_022662:exon15:c.A1777C:p.N593H,VUS,,,,0.02,D,0.855,P,19.40
HSJ0637,15,66170107,C,T,SNV,RAB11A,heterozygous,missense_SNV,exonic:nonsynonymous_SNV:RAB11A:NM_004663:exon3:c.C244T:p.R82C|exonic:nonsynonymous_SNV:RAB11A:NM_001206836:exon3:c.C244T:p.R82C,likely pathogenic,see evidence from this study,,,0,D,0.995,D,28.8
HSJ0652,5,169812370,C,T,SNV,KCNMB1,heterozygous,missense_SNV,exonic:nonsynonymous_SNV:KCNMB1:NM_004137:exon2:c.G82A:p.V28I|intronic:KCNIP1:NM_001034838,VUS,,,0.00008132,,,0.265,B,16.16
HSJ0652,6,43414119,C,A,SNV,ABCC10,heterozygous,missense_SNV,exonic:nonsynonymous_SNV:ABCC10:NM_033450:exon14:c.C3395A:p.A1132E|exonic:nonsynonymous_SNV:ABCC10:NM_001198934:exon16:c.C3479A:p.A1160E,VUS,,,,0.25,T,0.67,P,19.12
HSJ0652,15,89862576,C,T,SNV,POLG,heterozygous,missense_SNV,exonic_splicing:nonsynonymous_SNV:POLG:NM_002693:exon19:c.G2987A:p.R996Q|exonic_splicing:nonsynonymous_SNV:POLG:NM_001126131:exon19:c.G2987A:p.R996Q,VUS,,,0.00004879,0.05,D,0.006,B,16.48
HSJ0655,14,21828671,C,T,SNV,SUPT16H,heterozygous,missense_SNV,exonic:nonsynonymous_SNV:SUPT16H:NM_007192:exon18:c.G2078A:p.R693Q,VUS,,,,0.004,D,0.976,D,36
HSJ0655,19,56320401,C,T,SNV,NLRP11,heterozygous,synonymous_SNV,exonic:synonymous_SNV:NLRP11:NM_145007:exon5:c.G1575A:p.S525S|exonic:synonymous_SNV:NLRP11:NM_001297743:exon2:c.G1278A:p.S426S,benign,,,0.000008132,,,,,
HSJ0673,6,42074364,C,T,SNV,C6orf132,heterozygous,missense_SNV,exonic:nonsynonymous_SNV:C6orf132:NM_001164446:exon4:c.G1286A:p.G429E,VUS,,,,0.34,T,,,9.301
HSJ0673,12,52183134,G,A,SNV,SCN8A,heterozygous,missense_SNV,exonic:nonsynonymous_SNV:SCN8A:NM_014191:exon24:c.G4351A:p.G1451S|exonic:nonsynonymous_SNV:SCN8A:NM_001177984:exon23:c.G4228A:p.G1410S,pathogenic,known DEE/ID gene,192318 (Lof; PMID: 25725044) ,,0,D,0.954,D,33
HSJ0673,15,66793402,G,A,SNV,MAP2K1,heterozygous,missense_SNV,exonic:nonsynonymous_SNV:RPL4:NM_000968:exon7:c.C718T:p.L240F,VUS,,,,0.01,D,0.994,D,26.7
HSJ0674,1,232942434,G,A,SNV,MAP10,heterozygous,synonymous_SNV,exonic:synonymous_SNV:MAP10:NM_019090:exon1:c.G1665A:p.V555V,benign,,,,,,,,
HSJ0674,4,952129,G,A,SNV,TMEM175,heterozygous,missense_SNV,exonic:nonsynonymous_SNV:TMEM175:NM_032326:exon11:c.G1360A:p.A454T|exonic:nonsynonymous_SNV:TMEM175:NM_001297428:exon9:c.G1012A:p.A338T|exonic:nonsynonymous_SNV:TMEM175:NM_001297427:exon11:c.G1012A:p.A338T|exonic:nonsynonymous_SNV:TMEM175:NM_001297426:exon12:c.G1012A:p.A338T|exonic:nonsynonymous_SNV:TMEM175:NM_001297425:exon9:c.G1114A:p.A372T|exonic:nonsynonymous_SNV:TMEM175:NM_001297424:exon9:c.G1114A:p.A372T|exonic:nonsynonymous_SNV:TMEM175:NM_001297423:exon11:c.G1114A:p.A372T,VUS,,,0.00001628,0.49,T,0.003,B,7.471
HSJ0674,4,40122267,G,GA,insertion,N4BP2,heterozygous,frameshift_insertion,exonic:frameshift_insertion:N4BP2:NM_018177:exon9:c.2537dupA:p.E846fs,VUS,,,,,,,,
HSJ0674,17,54543722,A,G,SNV,ANKFN1,heterozygous,synonymous_SNV,exonic_splicing:synonymous_SNV:ANKFN1:NM_153228:exon14:c.A1572G:p.L524L,benign,,,,,,,,
HSJ0676,9,117800546,C,T,SNV,TNC,heterozygous,missense_SNV,exonic:nonsynonymous_SNV:TNC:NM_002160:exon20:c.G5506A:p.E1836K,VUS,,,,0.91,T,0.107,B,9.077
HSJ0676,11,32635260,T,C,SNV,CCDC73,heterozygous,synonymous_SNV,exonic:synonymous_SNV:CCDC73:NM_001008391:exon16:c.A2604G:p.S868S,benign,,,,,,,,
HSJ0681,4,77255194,T,G,SNV,CCDC158,heterozygous,synonymous_SNV,exonic:synonymous_SNV:CCDC158:NM_001042784:exon18:c.A2791C:p.R931R,benign,,,,,,,,
HSJ0681,X,18602451,C,T,SNV,CDKL5,hemizygous,missense_SNV,exonic:nonsynonymous_SNV:CDKL5:NM_003159:exon8:c.C532T:p.R178W|exonic:nonsynonymous_SNV:CDKL5:NM_001037343:exon9:c.C532T:p.R178W,pathogenic,known DEE gene,143823,,0,D,1.0,D,23.8
HSJ0682,17,7365621,C,T,SNV,ZBTB4,heterozygous,missense_SNV,exonic:nonsynonymous_SNV:ZBTB4:NM_020899:exon4:c.G2680A:p.G894R|exonic:nonsynonymous_SNV:ZBTB4:NM_001128833:exon4:c.G2680A:p.G894R,VUS,,,,0,D,0.185,B,14.03
HSJ0682,19,1828143,G,A,SNV,REXO1,heterozygous,synonymous_SNV,exonic:synonymous_SNV:REXO1:NM_020695:exon2:c.C645T:p.P215P,VUS,,,0.00002448,,,,,
HSJ0684,12,118465784,G,T,SNV,RFC5,heterozygous,missense_SNV,exonic:nonsynonymous_SNV:RFC5:NM_181578:exon10:c.G757T:p.G253W|exonic:nonsynonymous_SNV:RFC5:NM_007370:exon9:c.G820T:p.G274W|exonic:nonsynonymous_SNV:RFC5:NM_001206801:exon9:c.G811T:p.G271W|exonic:nonsynonymous_SNV:RFC5:NM_001130112:exon10:c.G565T:p.G189W,VUS,,,,0,D,1.0,D,25.9
HSJ0688,12,20868203,T,C,SNV,SLCO1C1,heterozygous,synonymous_SNV,exonic:synonymous_SNV:SLCO1C1:NM_017435:exon6:c.T660C:p.N220N|exonic:synonymous_SNV:SLCO1C1:NM_001145946:exon7:c.T660C:p.N220N|exonic:synonymous_SNV:SLCO1C1:NM_001145944:exon4:c.T306C:p.N102N|intronic:SLCO1C1:NM_001145945,benign,,,,,,,,
HSJ0688,16,56370656,G,A,SNV,GNAO1,heterozygous,missense_SNV,exonic:nonsynonymous_SNV:GNAO1:NM_138736:exon6:c.G607A:p.G203R|exonic:nonsynonymous_SNV:GNAO1:NM_020988:exon6:c.G607A:p.G203R,pathogenic,known DEE gene,"66115; decresease in function, PMID: 23993195",,0,D,1.0,D,33
HSJ0688,17,11144911,C,T,SNV,SHISA6,heterozygous,synonymous_SNV,exonic:synonymous_SNV:SHISA6:NM_207386:exon1:c.C172T:p.L58L|exonic:synonymous_SNV:SHISA6:NM_001173462:exon1:c.C172T:p.L58L|exonic:synonymous_SNV:SHISA6:NM_001173461:exon1:c.C172T:p.L58L,benign,,,,,,,,
HSJ0692,2,190428657,G,T,SNV,SLC40A1,heterozygous,missense_SNV,exonic:nonsynonymous_SNV:SLC40A1:NM_014585:exon7:c.C1055A:p.T352N,VUS,,,,0.32,T,0.34,B,21.9
HSJ0692,19,52716212,C,T,SNV,PPP2R1A,heterozygous,missense_SNV,exonic_splicing:nonsynonymous_SNV:PPP2R1A:NM_014225:exon6:c.C656T:p.S219L,likely pathogenic,known ID gene,,,0,D,0.945,D,29.1
HSJ0693,1,111146516,G,A,SNV,KCNA2,heterozygous,missense_SNV,exonic_splicing:nonsynonymous_SNV:KCNA2:NM_004974:exon3:c.C889T:p.R297W|exonic:nonsynonymous_SNV:KCNA2:NM_001204269:exon3:c.C889T:p.R297W,likely pathogenic,known DEE/ID gene,,,0,D,1.0,D,15.62
HSJ0694,3,179051692,G,A,SNV,ZNF639,heterozygous,missense_SNV,exonic:nonsynonymous_SNV:ZNF639:NM_016331:exon7:c.G940A:p.D314N,VUS,,,,0.01,D,0.977,D,19.05
HSJ0698,17,43322246,C,T,SNV,FMNL1,heterozygous,missense_SNV,exonic:nonsynonymous_SNV:FMNL1:NM_005892:exon20:c.C2578T:p.R860W,VUS,,,,0,D,0.999,D,14.93
HSJ0698,20,35075148,G,A,SNV,DLGAP4,heterozygous,missense_SNV,exonic:nonsynonymous_SNV:DLGAP4:NM_014902:exon7:c.G1456A:p.A486T,VUS,,,,0.15,T,0.009,B,15.45
HSJ0698,22,31822750,A,G,SNV,DRG1,heterozygous,missense_SNV,exonic:nonsynonymous_SNV:DRG1:NM_004147:exon7:c.A863G:p.Y288C,VUS,,,,0.04,T,0.76,P,21.5
HSJ0699,12,57006981,G,A,SNV,BAZ2A,heterozygous,missense_SNV,exonic:nonsynonymous_SNV:BAZ2A:NM_013449:exon5:c.C959T:p.T320M|exonic:nonsynonymous_SNV:BAZ2A:NM_001300905:exon5:c.C953T:p.T318M,VUS,,,,0,D,0.059,B,15.96
HSJ0709,6,65301130,G,A,SNV,EYS,heterozygous,stopgain_SNV,exonic:stopgain:EYS:NM_001292009:exon26:c.C4630T:p.Q1544X|exonic:stopgain:EYS:NM_001142800:exon26:c.C4630T:p.Q1544X,VUS,,,, , ,,,44
HSJ0719,16,1270635,A,G,SNV,CACNA1H,heterozygous,missense_SNV,exonic:nonsynonymous_SNV:CACNA1H:NM_021098:exon35:c.A6703G:p.T2235A|exonic:nonsynonymous_SNV:CACNA1H:NM_001005407:exon34:c.A6685G:p.T2229A,VUS,,,0.000008413,0.37,T,0.001,B,0.023
HSJ0719,20,62657386,C,T,SNV,PRPF6,heterozygous,missense_SNV,exonic:nonsynonymous_SNV:PRPF6:NM_012469:exon15:c.C2003T:p.A668V,VUS,,,,0.03,D,0.999,D,36
HSJ0719,21,30308978,ACT,A,deletion,LTN1,heterozygous,frameshift_deletion,exonic:frameshift_deletion:LTN1:NM_015565:exon26:c.4660_4661del:p.S1554fs,VUS,,,,,,,,
HSJ0719,22,38696843,C,T,SNV,CSNK1E,heterozygous,missense_SNV,exonic:nonsynonymous_SNV:CSNK1E:NM_152221:exon5:c.G451A:p.G151S|exonic:nonsynonymous_SNV:CSNK1E:NM_001894:exon5:c.G451A:p.G151S|exonic:nonsynonymous_SNV:CSNK1E:NM_001289912:exon9:c.G451A:p.G151S,VUS,,,,0,D,0.989,D,34
HSJ0721,2,166894519,C,G,SNV,SCN1A,heterozygous,missense_SNV,exonic:nonsynonymous_SNV:SCN1A:NM_006920:exon15:c.G2680C:p.A894P|exonic:nonsynonymous_SNV:SCN1A:NM_001202435:exon17:c.G2713C:p.A905P|exonic:nonsynonymous_SNV:SCN1A:NM_001165964:exon15:c.G2629C:p.A877P|exonic:nonsynonymous_SNV:SCN1A:NM_001165963:exon15:c.G2713C:p.A905P|downstream:LOC102724058:NR_110598,likely pathogenic,known DEE gene,,,0,D,0.999,D,30
HSJ0721,3,183910673,G,A,SNV,ABCF3,heterozygous,missense_SNV,exonic:nonsynonymous_SNV:ABCF3:NM_018358:exon18:c.G1739A:p.R580H,VUS,,,0.00004879,0.03,D,0.105,B,16.77
HSJ0722,7,40356363,C,T,SNV,SUGCT,heterozygous,missense_SNV,exonic_splicing:nonsynonymous_SNV:SUGCT:NM_024728:exon9:c.C635T:p.A212V|exonic_splicing:nonsynonymous_SNV:SUGCT:NM_001193313:exon9:c.C746T:p.A249V|exonic_splicing:nonsynonymous_SNV:SUGCT:NM_001193312:exon8:c.C602T:p.A201V|exonic_splicing:nonsynonymous_SNV:SUGCT:NM_001193311:exon9:c.C746T:p.A249V,VUS,,,,0,D,0.987,D,21.6
HSJ0723,1,2103772,T,G,SNV,PRKCZ,heterozygous,synonymous_SNV,exonic:synonymous_SNV:PRKCZ:NM_002744:exon13:c.T1230G:p.T410T|exonic:synonymous_SNV:PRKCZ:NM_001242874:exon10:c.T918G:p.T306T|exonic:synonymous_SNV:PRKCZ:NM_001033582:exon10:c.T681G:p.T227T|exonic:synonymous_SNV:PRKCZ:NM_001033581:exon10:c.T681G:p.T227T,benign,,,,,,,,
HSJ0725,1,35351107,C,T,SNV,DLGAP3,heterozygous,missense_SNV,exonic:nonsynonymous_SNV:DLGAP3:NM_001080418:exon7:c.G1886A:p.R629Q,VUS,,,,0.01,D,0.547,P,22.3
HSJ0725,12,116446500,G,A,SNV,MED13L,heterozygous,missense_SNV,exonic:nonsynonymous_SNV:MED13L:NM_015335:exon10:c.C1718T:p.P573L,likely pathogenic,known ID gene,,,0.06,T,0.497,P,17.29
HSJ0731,19,49004343,AG,A,deletion,LMTK3,heterozygous,frameshift_deletion,exonic:frameshift_deletion:LMTK3:NM_001080434:exon11:c.1147delC:p.L383fs,VUS,,,,,,,,
HSJ0734,5,148596528,G,A,SNV,ABLIM3,heterozygous,missense_SNV,exonic:nonsynonymous_SNV:ABLIM3:NM_014945:exon8:c.G676A:p.G226R|exonic:nonsynonymous_SNV:ABLIM3:NM_001301028:exon7:c.G676A:p.G226R|exonic:nonsynonymous_SNV:ABLIM3:NM_001301027:exon8:c.G700A:p.G234R|exonic:nonsynonymous_SNV:ABLIM3:NM_001301018:exon7:c.G676A:p.G226R|exonic:nonsynonymous_SNV:ABLIM3:NM_001301015:exon7:c.G676A:p.G226R,VUS,,,,0.03,D,0.959,D,33
HSJ0734,7,91700273,G,C,SNV,AKAP9,heterozygous,missense_SNV,exonic:nonsynonymous_SNV:AKAP9:NM_147185:exon28:c.G6538C:p.E2180Q|exonic:nonsynonymous_SNV:AKAP9:NM_005751:exon28:c.G6562C:p.E2188Q,VUS,,,,0.005,T,0.998,D,16.05
HSJ0737,17,28754471,C,T,SNV,CPD,heterozygous,missense_SNV,exonic:nonsynonymous_SNV:CPD:NM_001304:exon7:c.C1912T:p.P638S|exonic:nonsynonymous_SNV:CPD:NM_001199775:exon7:c.C1171T:p.P391S,VUS,,,,0,D,0.999,D,29.3
HSJ0742,22,42196771,G,A,SNV,CCDC134,heterozygous,canonical splice site_SNV,intronic_splicing:CCDC134:NM_024821 (pos +1),VUS,,,,,,,,
HSJ0743,14,74196411,G,A,SNV,ELMSAN1,heterozygous,missense_SNV,exonic:nonsynonymous_SNV:ELMSAN1:NM_194278:exon4:c.C2027T:p.S676L|exonic:nonsynonymous_SNV:ELMSAN1:NM_001043318:exon4:c.C2027T:p.S676L,VUS,,,,0,D,0.996,D,34
HSJ0745,20,10280004,G,T,SNV,SNAP25,heterozygous,missense_SNV,exonic:nonsynonymous_SNV:SNAP25:NM_130811:exon7:c.G496T:p.D166Y|exonic:nonsynonymous_SNV:SNAP25:NM_003081:exon7:c.G496T:p.D166Y,likely pathogenic,see evidence from this study,,,0.01,D,1.0,D,33
HSJ0753,5,160761861,A,G,SNV,GABRB2,heterozygous,missense_SNV,exonic:nonsynonymous_SNV:GABRB2:NM_021911:exon8:c.T730C:p.Y244H|exonic:nonsynonymous_SNV:GABRB2:NM_000813:exon8:c.T730C:p.Y244H,pathogenic,see evidence from this study,,,0,D,0.998,D,26.1
HSJ0753,9,34656846,C,A,SNV,IL11RA,heterozygous,missense_SNV,exonic:nonsynonymous_SNV:IL11RA:NM_001142784:exon4:c.C272A:p.T91N,VUS,,,,0.35,T,0.003,B,11.44
HSJ0753,12,70949650,G,A,SNV,PTPRB,heterozygous,missense_SNV,exonic_splicing:nonsynonymous_SNV:PTPRB:NM_002837:exon17:c.C4339T:p.R1447C|exonic_splicing:nonsynonymous_SNV:PTPRB:NM_001206972:exon16:c.C4069T:p.R1357C|exonic_splicing:nonsynonymous_SNV:PTPRB:NM_001206971:exon16:c.C4069T:p.R1357C|exonic_splicing:nonsynonymous_SNV:PTPRB:NM_001109754:exon19:c.C4993T:p.R1665C,VUS,,,0.00004082,,,1.0,D,29.0
HSJ0757,7,122338189,G,A,SNV,RNF133,heterozygous,missense_SNV,exonic:nonsynonymous_SNV:RNF133:NM_139175:exon1:c.C784T:p.R262C|intronic:CADPS2:NM_017954|intronic:CADPS2:NM_001167940|intronic:CADPS2:NM_001009571,VUS,,,0.00003253,0.03,D,0.031,B,0.871
HSJ0757,14,77493644,CGCA,C,deletion,IRF2BPL,heterozygous,nonframeshift_deletion,exonic:nonframeshift_deletion:IRF2BPL:NM_024496:exon1:c.489_491del:p.163_164del,VUS,,,,,,,,
HSJ0757,17,14248948,C,T,SNV,HS3ST3B1,heterozygous,synonymous_SNV,exonic:synonymous_SNV:HS3ST3B1:NM_006041:exon2:c.C1158T:p.D386D,benign,,,,,,,,
HSJ0757,17,29665757,C,G,SNV,NF1,heterozygous,stopgain_SNV,exonic:stopgain:NF1:NM_001042492:exon46:c.C6855G:p.Y2285X|exonic:stopgain:NF1:NM_000267:exon45:c.C6792G:p.Y2264X,pathogenic,known ID gene,185082,0.000008133, , ,,,23.5
HSJ0759,1,48708160,G,GC,insertion,SLC5A9,heterozygous,frameshift_insertion,exonic:frameshift_insertion:SLC5A9:NM_001135181:exon14:c.1785dupC:p.C595fs|exonic:frameshift_insertion:SLC5A9:NM_001011547:exon13:c.1710dupC:p.C572fs,VUS,,,,,,,,
HSJ0759,7,33057146,C,T,SNV,NT5C3A,heterozygous,missense_SNV,exonic:nonsynonymous_SNV:NT5C3A:NM_016489:exon8:c.G496A:p.G166R|exonic:nonsynonymous_SNV:NT5C3A:NM_001166118:exon9:c.G460A:p.G154R|exonic:nonsynonymous_SNV:NT5C3A:NM_001002010:exon7:c.G613A:p.G205R|exonic:nonsynonymous_SNV:NT5C3A:NM_001002009:exon8:c.G496A:p.G166R,VUS,,,,0,D,1.0,D,21.0
HSJ0762,1,26764705,G,A,SNV,DHDDS,heterozygous,missense_SNV,exonic:nonsynonymous_SNV:DHDDS:NM_205861:exon3:c.G110A:p.R37H|exonic:nonsynonymous_SNV:DHDDS:NM_024887:exon3:c.G110A:p.R37H|exonic:nonsynonymous_SNV:DHDDS:NM_001243565:exon3:c.G110A:p.R37H|exonic:nonsynonymous_SNV:DHDDS:NM_001243564:exon3:c.G110A:p.R37H,pathogenic,see evidence from this study,,,0.00,D,1.0,D,36
HSJ0766,6,33414517,C,T,SNV,SYNGAP1,heterozygous,stopgain_SNV,exonic:stopgain:SYNGAP1:NM_006772:exon17:c.C3748T:p.Q1250X,pathogenic,known DEE/ID gene,,, , ,,,44
HSJ0766,11,428533,G,A,SNV,ANO9,heterozygous,missense_SNV,exonic:nonsynonymous_SNV:ANO9:NM_001012302:exon13:c.C1127T:p.T376M,VUS,,,,0.52,T,0.99,D,12.96
HSJ0768,9,138650285,G,A,SNV,KCNT1,heterozygous,missense_SNV,exonic:nonsynonymous_SNV:KCNT1:NM_020822:exon10:c.G785A:p.R262Q|exonic:nonsynonymous_SNV:KCNT1:NM_001272003:exon9:c.G641A:p.R214Q.,likely pathogenic,known DEE/ID gene,,,0.01,D,0.927,D,34
HSJ0770,16,57095390,C,T,SNV,NLRC5,heterozygous,synonymous_SNV,exonic:synonymous_SNV:NLRC5:NM_032206:exon30:c.C4017T:p.H1339H,benign,,,0.000008335,,,,,7.682
HSJ0771,17,73751878,G,A,SNV,ITGB4,heterozygous,missense_SNV,exonic:nonsynonymous_SNV:ITGB4:NM_001005731:exon34:c.G4445A:p.R1482Q|exonic:nonsynonymous_SNV:ITGB4:NM_001005619:exon34:c.G4604A:p.R1535Q|exonic:nonsynonymous_SNV:ITGB4:NM_000213:exon35:c.G4655A:p.R1552Q,VUS,,,,1,T,0.007,B,10.22
HSJ0772,1,160147396,G,A,SNV,ATP1A4,heterozygous,missense_SNV,exonic:nonsynonymous_SNV:ATP1A4:NM_144699:exon18:c.G2678A:p.R893H|exonic:nonsynonymous_SNV:ATP1A4:NM_001001734:exon1:c.G86A:p.R29H,VUS,,,0.000008132,0,D,0.994,D,24.2
HSJ0772,15,75311154,G,T,SNV,SCAMP5,heterozygous,missense_SNV,exonic:nonsynonymous_SNV:SCAMP5:NM_138967:exon7:c.G538T:p.G180W|exonic:nonsynonymous_SNV:SCAMP5:NM_001178112:exon8:c.G538T:p.G180W|exonic:nonsynonymous_SNV:SCAMP5:NM_001178111:exon8:c.G538T:p.G180W,VUS,,,,0,D,1.0,D,25.6
HSJ0773,6,157528917,AT,A,deletion,ARID1B,heterozygous,frameshift_deletion,exonic:frameshift_deletion:ARID1B:NM_020732:exon20:c.6643delT:p.F2215fs|exonic:frameshift_deletion:ARID1B:NM_017519:exon19:c.6604delT:p.F2202fs,pathogenic,known ID gene,,,,,,,
HSJ0779,19,13414398,C,T,SNV,CACNA1A,heterozygous,missense_SNV,exonic:nonsynonymous_SNV:CACNA1A:NM_023035:exon17:c.G2137A:p.A713T|exonic:nonsynonymous_SNV:CACNA1A:NM_001174080:exon17:c.G2137A:p.A713T|exonic:nonsynonymous_SNV:CACNA1A:NM_001127222:exon17:c.G2134A:p.A712T|exonic:nonsynonymous_SNV:CACNA1A:NM_001127221:exon17:c.G2137A:p.A713T|exonic:nonsynonymous_SNV:CACNA1A:NM_000068:exon17:c.G2137A:p.A713T,pathogenic,known DEE gene,254268,,0.02,D,0.999,D,22.1
HSJ0779,20,3546003,C,T,SNV,ATRN,heterozygous,missense_SNV,exonic:nonsynonymous_SNV:ATRN:NM_139322:exon11:c.C1795T:p.R599C|exonic:nonsynonymous_SNV:ATRN:NM_139321:exon11:c.C1795T:p.R599C|exonic:nonsynonymous_SNV:ATRN:NM_001207047:exon11:c.C1447T:p.R483C,VUS,,,0.00001626,0.02,D,0.86,P,16.41
HSJ0780,2,166898844,G,A,SNV,SCN1A,heterozygous,stopgain_SNV,exonic:stopgain:SCN1A:NM_006920:exon12:c.C2101T:p.R701X|exonic:stopgain:SCN1A:NM_001202435:exon14:c.C2134T:p.R712X|exonic:stopgain:SCN1A:NM_001165964:exon12:c.C2050T:p.R684X|exonic:stopgain:SCN1A:NM_001165963:exon12:c.C2134T:p.R712X,pathogenic,known DEE gene,189886,, , ,,,38
HSJ0780,8,57079694,A,G,SNV,PLAG1,heterozygous,missense_SNV,exonic:nonsynonymous_SNV:PLAG1:NM_002655:exon5:c.T611C:p.M204T|exonic:nonsynonymous_SNV:PLAG1:NM_001114635:exon3:c.T365C:p.M122T|exonic:nonsynonymous_SNV:PLAG1:NM_001114634:exon4:c.T611C:p.M204T,VUS,,,,0.00,D,0.482,P,12.93
HSJ0781,12,49361733,C,T,SNV,WNT10B,heterozygous,missense_SNV,exonic_splicing:nonsynonymous_SNV:WNT10B:NM_003394:exon4:c.G707A:p.R236H,VUS,,,,0,D,0.999,D,19.69
HSJ0781,19,10688014,T,C,SNV,AP1M2,heterozygous,missense_SNV,exonic:nonsynonymous_SNV:AP1M2:NM_005498:exon9:c.A907G:p.K303E|exonic:nonsynonymous_SNV:AP1M2:NM_001300887:exon9:c.A913G:p.K305E,benign,,,0.00007968,0.59,T,0.314,B,14.10
HSJ0782,1,104089651,G,A,SNV,RNPC3,heterozygous,missense_SNV,exonic:nonsynonymous_SNV:RNPC3:NM_017619:exon12:c.G1355A:p.R452Q,VUS,,,,0.1,T,0.98,D,15.59
HSJ0782,2,228754587,G,A,SNV,DAW1,heterozygous,synonymous_SNV,exonic:synonymous_SNV:DAW1:NM_178821:exon3:c.G129A:p.A43A,benign,,,0.00003314,,,,,
HSJ0782,16,56385302,AT,CG,delIns,GNAO1,heterozygous,missense_SNV,exonic:nonsynonymous_SNV:GNAO1:NM_020988:exon7:c.730_731delATinsCG:p.M244R,likely pathogenic,known DEE gene,,,0,D,0.3,B,23.6
HSJ0784,6,159457475,C,A,SNV,TAGAP,heterozygous,missense_SNV,exonic:nonsynonymous_SNV:TAGAP:NM_152133:exon9:c.G1046T:p.G349V|exonic:nonsynonymous_SNV:TAGAP:NM_054114:exon10:c.G1580T:p.G527V|exonic:nonsynonymous_SNV:TAGAP:NM_001278733:exon6:c.G1391T:p.G464V,VUS,,,,0.18,T,0.044,B,10.05
HSJ0785,15,34648441,CTG,C,deletion,NUTM1,heterozygous,frameshift_deletion,exonic:frameshift_deletion:NUTM1:NM_175741:exon8:c.2149_2150del:p.C717fs|exonic:frameshift_deletion:NUTM1:NM_001284293:exon7:c.2203_2204del:p.C735fs|exonic:frameshift_deletion:NUTM1:NM_001284292:exon8:c.2233_2234del:p.C745fs,VUS,,,,,,,,
HSJ0787,1,19209784,G,A,SNV,ALDH4A1,heterozygous,missense_SNV,exonic:nonsynonymous_SNV:ALDH4A1:NM_170726:exon6:c.C592T:p.R198W|exonic:nonsynonymous_SNV:ALDH4A1:NM_003748:exon6:c.C592T:p.R198W|exonic:nonsynonymous_SNV:ALDH4A1:NM_001161504:exon6:c.C412T:p.R138W,VUS,,,0.000042,0,D,1.0,D,18.33
HSJ0787,8,145114798,C,T,SNV,OPLAH,heterozygous,synonymous_SNV,exonic:synonymous_SNV:OPLAH:NM_017570:exon2:c.G138A:p.A46A,benign,,,0.0000339,,,,,
HSJ0787,15,91436549,G,A,SNV,FES,heterozygous,synonymous_SNV,exonic:synonymous_SNV:FES:NM_002005:exon16:c.G1950A:p.T650T|exonic:synonymous_SNV:FES:NM_001143785:exon14:c.G1566A:p.T522T|exonic:synonymous_SNV:FES:NM_001143784:exon14:c.G1740A:p.T580T|exonic:synonymous_SNV:FES:NM_001143783:exon14:c.G1776A:p.T592T,benign,,,,,,,,
,Genes with green highlight have pathogenic/likely pathogenic DNMs; mutations in these genes are a well established cause of DEE and or ID,,,,,,,,,,,,,,,,,
,Genes with yellow highlight have pathogenic/likely pathogenic DNMs; new evidence presented herein  implicates these genes in DEE and or ID. ,,,,,,,,,,,,,,,,,