Child phenotype,Study,Locus,Reference allele,Alternate allele,Gene annotations,Genes,Transcripts,Transcript annotations,Codon changes,Protein changes,Tri-nucleotide base context (forward strand) for SNV
SZ,Girard,chr19:36673714,T,C,missense,ZNF565,"NM_001042474,NM_152477","missense,missense","c.1154CAT>CGT,c.1154CAT>CGT","p.385H>R,p.385H>R",ATG/ACG
SZ,Girard,chr21:16338349,T,G,missense,NRIP1,NM_003489,missense,c.2165AAA>ACA,p.722K>T,TTT/TGT
SZ,Girard,chr12:57579450,C,A,nonsense,LRP1,NM_002332,nonsense,c.6600TAC>TAA,p.2200Y>*,ACC/AAC
SZ,Girard,chr17:79637360,A,G,missense,CCDC137,NM_199287,missense,c.374TAT>TGT,p.125Y>C,TAT/TGT
SZ,Girard,chr3:122146472,C,A,nonsense,KPNA1,"NM_002264,NR_026698","nonsense,npcRNA","c.1342GAA>TAA,.","p.448E>*,.",TCC/TAC
SZ,Girard,chr19:52826001,C,T,nonsense,ZNF480,NM_144684,nonsense,c.1498CGA>TGA,p.500R>*,ACG/ATG
SZ,Girard,chr14:103806120,A,G,missense,EIF5,"NM_001969,NM_183004","missense,missense","c.1051ATC>GTC,c.1051ATC>GTC","p.351I>V,p.351I>V",CAT/CGT
SZ,Girard,chr3:46717166,G,A,nonsense,ALS2CL,"NM_001190707,NM_147129,NM_182775,NR_033815","nonsense,nonsense,nonsense,npcRNA","c.2197CGA>TGA,c.2197CGA>TGA,c.238CGA>TGA,.","p.733R>*,p.733R>*,p.80R>*,.",CGC/CAC
SZ,Girard,chr12:6707226,G,A,missense,CHD4,NM_001273,missense,c.1726CGG>TGG,p.576R>W,CGC/CAC
SZ,Girard,chr12:121882033,C,T,missense,KDM2B,"NM_001005366,NM_032590","missense,missense","c.2140GGC>AGC,c.2233GGC>AGC","p.714G>S,p.745G>S",CCG/CTG
SZ,Girard,chr18:6974966,T,C,missense,LAMA1,NM_005559,missense,c.6559ACA>GCA,p.2187T>A,GTG/GCG
SZ,Girard,chr11:104825480,T,C,missense,CASP4,"NM_001225,NM_033306","missense,missense","c.256AAA>GAA,c.88AAA>GAA","p.86K>E,p.30K>E",TTA/TCA
SZ,Girard,chr1:1153867,C,T,missense,SDF4,"NM_016176,NM_016547","missense,missense","c.883GAC>AAC,c.883GAC>AAC","p.295D>N,p.295D>N",TCG/TTG
SZ,Girard,chr3:138461543,T,C,missense,PIK3CB,NM_006219,missense,c.478ATC>GTC,p.160I>V,ATT/ACT
SZ,Girard,chr12:123804988,G,C,missense,SBNO1,"NM_001167856,NM_018183","missense,missense","c.2658AAC>AAG,c.2655AAC>AAG","p.886N>K,p.885N>K",CGT/CCT
SZ,Xu,chr11:59603474,C,T,missense,GIF,NM_005142,missense,c.880GTA>ATA,p.294V>I,ACC/ATC
SZ,Xu,chr3:17051253,T,A,missense,PLCL2,NM_015184,missense,c.37TGT>AGT,p.13C>S,TTG/TAG
SZ,Xu,chr16:1291308,A,G,silent,TPSAB1,NM_003294,silent,.,.,CAG/CGG
SZ,Xu,chr19:53770716,G,A,missense,VN1R4,NM_173857,missense,c.203GCT>GTT,p.68A>V,AGC/AAC
SZ,Xu,chrX:140993957,C,G,missense,MAGEC1,NM_005462,missense,c.767ACT>AGT,p.256T>S,ACT/AGT
SZ,Xu,chr9:3263075,C,G,missense,RFX3,"NM_002919,NM_134428","missense,missense","c.1465GTA>CTA,c.1465GTA>CTA","p.489V>L,p.489V>L",ACA/AGA
SZ,Xu,chr1:43891777,C,CCA,frameshift,SZT2,NM_015284,frameshift,.,.,.
SZ,Xu,chr1:144931615,G,A,silent,PDE4DIP,"NM_001002811,NM_001002812,NM_001198832,NM_001198834,NM_014644","silent,intronic,intronic,intronic,intronic",".,.,.,.,.",".,.,.,.,.",AGA/AAA
SZ,Xu,chr6:31238897,C,G,missense,HLA-C,"NM_001243042,NM_002117","missense,missense","c.572TGG>TCG,c.572TGG>TCG","p.191W>S,p.191W>S",CCA/CGA
SZ,Xu,chr16:10783119,A,G,missense,TEKT5,NM_144674,missense,c.710ATC>ACC,p.237I>T,GAT/GGT
SZ,Xu,chr10:122664879,G,A,missense,WDR11,"NM_018117,NR_049879","missense,intronic","c.3242CGC>CAC,.","p.1081R>H,.",CGC/CAC
SZ,Xu,chr4:110384454,C,T,silent,SEC24B,"NM_001042734,NM_006323","silent,silent",".,.",".,.",CCT/CTT
SZ,Xu,chr8:103298653,G,T,missense,UBR5,NM_015902,missense,c.5150GCT>GAT,p.1717A>D,AGC/ATC
SZ,Xu,chr15:41107855,C,T,missense,PPP1R14D,"NM_001130143,NM_017726","missense,3-UTR","c.593GGC>GAC,.","p.198G>D,.",GCC/GTC
SZ,Xu,chr2:136548345,A,G,missense,LCT,NM_002299,missense,c.5218TAC>CAC,p.1740Y>H,TAT/TGT
SZ,Xu,chr15:39881442,G,A,missense,THBS1,NM_003246,missense,c.1813GAG>AAG,p.605E>K,AGA/AAA
SZ,Xu,chr1:97981407,C,T,missense,DPYD,NM_000110,missense,c.1615GGA>AGA,p.539G>R,CCG/CTG
SZ,Xu,chr10:11356223,T,N,esplice,CELF2,"NM_001025076,NM_001025076,NM_001025077,NM_001025077,NM_001083591,NM_006561,NM_006561","intronic,splice-donor-in2,intronic,splice-donor-in2,exonic-unknown,intronic,splice-donor-in2",".,.,.,.,c.1005GGT>GGN,.,.",".,.,.,.,p.335G>?,.,.",.
SZ,Xu,chr14:20876235,C,T,missense,TEP1,NM_007110,missense,c.364GTG>ATG,p.122V>M,ACA/ATA
SZ,Xu,chr17:21319185,T,A,"silent,silent","KCNJ12,KCNJ18","NM_001194958,NM_021012","silent,silent",".,.",".,.",TTG/TAG
SZ,Xu,chr6:33414351,G,N,esplice,SYNGAP1,"NM_006772,NM_006772","intronic,splice-acceptor-in2",".,.",".,.",.
SZ,Xu,chr11:51515885,G,A,missense,OR4C46,NM_001004703,missense,c.604GGA>AGA,p.202G>R,TGG/TAG
SZ,Xu,chr6:26157173..26157175,CAA,C,frameshift,HIST1H1E,NM_005321,frameshift,.,.,.
SZ,Xu,chr8:81905378,C,T,missense,PAG1,NM_018440,missense,c.85GTC>ATC,p.29V>I,ACG/ATG
SZ,Xu,chr2:227661300,C,T,missense,IRS1,NM_005544,missense,c.2155GAG>AAG,p.719E>K,TCC/TTC
SZ,Xu,chr17:71196155,C,A,silent,COG1,NM_018714,silent,.,.,TCC/TAC
SZ,Xu,chr4:123855728..123855731,TCAA,T,codon-deletion,SPATA5,NM_145207,out-of-frame-codon-deletion,.,.,.
SZ,Xu,chr2:234637866,T,A,missense,UGT1A3,"NM_001072,NM_007120,NM_019075,NM_019076,NM_019077,NM_019078,NM_019093,NM_021027,NM_205862","intronic,intronic,intronic,intronic,intronic,intronic,missense,intronic,intronic",".,.,.,.,.,.,c.94TTG>ATG,.,.",".,.,.,.,.,.,p.32L>M,.,.",GTT/GAT
SZ,Xu,chr3:50385987,C,T,missense,NPRL2,NM_006545,missense,c.691GGC>AGC,p.231G>S,CCG/CTG
SZ,Xu,chr3:58622886,T,C,missense,FAM3D,NM_138805,missense,c.440TAC>TGC,p.147Y>C,GTA/GCA
SZ,Xu,chrX:100531413..100531419,TTCATCC,T,codon-deletion,TAF7L,"NM_001168474,NM_024885","out-of-frame-codon-deletion,out-of-frame-codon-deletion",".,.",".,.",.
SZ,Xu,chr8:53568705..53568707,TTC,T,frameshift,RB1CC1,"NM_001083617,NM_014781","frameshift,frameshift",".,.",".,.",.
SZ,Xu,chr15:75982186,G,A,missense,CSPG4,NM_001897,missense,c.1220CCA>CTA,p.407P>L,TGG/TAG
SZ,Xu,chr8:38107312..38107317,AAACTC,A,frameshift,DDHD2,"NM_001164232,NM_015214","frameshift,frameshift",".,.",".,.",.
SZ,Xu,chr8:19688027,G,C,missense,INTS10,NM_018142,missense,c.1251AGG>AGC,p.417R>S,GGG/GCG
SZ,Xu,chr13:74289537,G,C,missense,KLF12,NM_007249,missense,c.995TCT>TGT,p.332S>C,AGA/ACA
SZ,Xu,chr7:98498329,A,T,missense,TRRAP,"NM_001244580,NM_003496","missense,missense","c.883ATC>TTC,c.883ATC>TTC","p.295I>F,p.295I>F",TAT/TTT
SZ,Xu,chr11:8061206,G,A,missense,TUB,NM_003320,missense,c.170AGG>AAG,p.57R>K,AGG/AAG
SZ,Xu,chr17:7139486,C,T,missense,PHF23,NM_024297,missense,c.760GAG>AAG,p.254E>K,tcc/tTc
SZ,Xu,chr14:105412138,A,G,missense,AHNAK2,NM_138420,missense,c.9650CTC>CCC,p.3217L>P,GAG/GGG
SZ,Xu,chr16:50349011,A,G,missense,ADCY7,NM_001114,missense,c.3058AGC>GGC,p.1020S>G,CAG/CGG
SZ,Xu,chr11:67267884,G,A,missense,PITPNM1,"NM_001130848,NM_004910","missense,missense","c.649CGG>TGG,c.649CGG>TGG","p.217R>W,p.217R>W",CGA/CAA
SZ,Xu,chr1:6314661,G,A,missense,GPR153,NM_207370,missense,c.305ACC>ATC,p.102T>I,GGT/GAT
SZ,Xu,chr4:3429844,C,T,missense,RGS12,"NM_002926,NM_198227,NM_198229","missense,missense,missense","c.3359CCA>CTA,c.1415CCA>CTA,c.3359CCA>CTA","p.1120P>L,p.472P>L,p.1120P>L",CCA/CTA
SZ,Xu,chr1:176526125,C,T,missense,PAPPA2,"NM_020318,NM_021936","missense,missense","c.667CCC>TCC,c.667CCC>TCC","p.223P>S,p.223P>S",GCC/GTC
SZ,Xu,chr11:124626163,C,CAGCG,frameshift,ESAM,NM_138961,frameshift,.,.,.
SZ,Xu,chr6:46047670,C,A,missense,CLIC5,NM_001114086,missense,c.310GGC>TGC,p.104G>C,CCC/CAC
SZ,Xu,chr15:74290439,C,T,missense,PML,"NM_002675,NM_033238,NM_033239,NM_033240,NM_033244,NM_033246,NM_033247,NM_033249,NM_033250","missense,missense,missense,missense,missense,missense,missense,missense,missense","c.224ACG>ATG,c.224ACG>ATG,c.224ACG>ATG,c.224ACG>ATG,c.224ACG>ATG,c.224ACG>ATG,c.224ACG>ATG,c.224ACG>ATG,c.224ACG>ATG","p.75T>M,p.75T>M,p.75T>M,p.75T>M,p.75T>M,p.75T>M,p.75T>M,p.75T>M,p.75T>M",ACG/ATG
SZ,Xu,chr11:72945280,C,T,missense,P2RY2,"NM_002564,NM_176071,NM_176072","missense,missense,missense","c.76CGC>TGC,c.76CGC>TGC,c.76CGC>TGC","p.26R>C,p.26R>C,p.26R>C",CCG/CTG
SZ,Xu,chr16:19566945,C,G,missense,C16orf62,NM_020314,missense,c.161GCC>GGC,p.54A>G,GCC/GGC
SZ,Xu,chr17:41573584,T,G,missense,DHX8,NM_004941,missense,c.1248TTT>TTG,p.416F>L,TTC/TGC
SZ,Xu,chr14:74086428,A,G,missense,ACOT6,NM_001037162,missense,c.509TAT>TGT,p.170Y>C,TAT/TGT
SZ,Xu,chr17:73702542,G,A,missense,SAP30BP,NM_013260,missense,c.868GGC>AGC,p.290G>S,CGG/CAG
SZ,Xu,chr8:144659445,G,A,silent,NAPRT1,NM_145201,silent,.,.,AGG/AAG
SZ,Xu,chr1:22850725,C,T,missense,ZBTB40,"NM_001083621,NM_014870","missense,missense","c.3313CGG>TGG,c.3313CGG>TGG","p.1105R>W,p.1105R>W",CCG/CTG
SZ,Xu,chr6:27101212..27101215,CTGA,C,codon-deletion,HIST1H2AG,NM_021064,out-of-frame-codon-deletion,.,.,.
SZ,Xu,chr10:61029749,G,A,missense,FAM13C,"NM_001001971,NM_001143773,NM_001166698,NM_198215","missense,missense,missense,missense","c.713TCG>TTG,c.464TCG>TTG,c.464TCG>TTG,c.713TCG>TTG","p.238S>L,p.155S>L,p.155S>L,p.238S>L",CGA/CAA
SZ,Xu,chr5:74650427,C,T,missense,HMGCR,"NM_000859,NM_001130996","missense,missense","c.1468CGT>TGT,c.1468CGT>TGT","p.490R>C,p.490R>C",GCG/GTG
SZ,Xu,chr17:3352372,C,T,missense,SPATA22,"NM_001170695,NM_001170696,NM_001170697,NM_001170698,NM_001170699,NM_032598","missense,missense,missense,missense,missense,missense","c.401CGA>CAA,c.272CGA>CAA,c.401CGA>CAA,c.401CGA>CAA,c.401CGA>CAA,c.401CGA>CAA","p.134R>Q,p.91R>Q,p.134R>Q,p.134R>Q,p.134R>Q,p.134R>Q",TCG/TTG
SZ,Xu,chr1:229783350,G,T,nonsense,URB2,NM_014777,nonsense,c.4000GAG>TAG,p.1334E>*,GGA/GTA
SZ,Xu,chr17:37374188,A,G,missense,STAC2,NM_198993,missense,c.329CTG>CCG,p.110L>P,CAG/CGG
SZ,Xu,chr19:46087891,C,T,silent,OPA3,"NM_001017989,NM_025136","silent,silent",".,.",".,.",GCG/GTG
SZ,Xu,chr11:1272808,G,A,missense,MUC5B,NM_002458,missense,c.14698GTG>ATG,p.4900V>M,CGT/CAT
SZ,Xu,chr16:30970148,G,T,silent,SETD1A,NM_014712,silent,.,.,TGC/TTC
SZ,Xu,chr12:51868866,C,T,missense,SLC4A8,"NM_001039960,NM_001258401,NM_001258403","missense,missense,missense","c.2048GCG>GTG,c.1889GCG>GTG,c.1889GCG>GTG","p.683A>V,p.630A>V,p.630A>V",GCG/GTG
SZ,Xu,chr6:41129100,G,A,missense,TREM2,"NM_001271821,NM_018965","missense,missense","c.292CGG>TGG,c.292CGG>TGG","p.98R>W,p.98R>W",CGC/CAC
SZ,Xu,chr9:124536603,C,T,missense,DAB2IP,"NM_032552,NM_138709","missense,missense","c.2948GCG>GTG,c.2660GCG>GTG","p.983A>V,p.887A>V",GCG/GTG
SZ,Xu,chr11:119024831,A,G,missense,ABCG4,"NM_001142505,NM_022169","missense,missense","c.334ATG>GTG,c.334ATG>GTG","p.112M>V,p.112M>V",CAT/CGT
SZ,Xu,chr17:8445550,G,C,missense,MYH10,"NM_001256012,NM_001256095,NM_005964","missense,missense,missense","c.1480CAG>GAG,c.1477CAG>GAG,c.1450CAG>GAG","p.494Q>E,p.493Q>E,p.484Q>E",TGC/TCC
SZ,Xu,chr21:45104456,A,T,missense,RRP1B,NM_015056,missense,c.914GAT>GTT,p.305D>V,GAT/GTT
SZ,Xu,chr14:78063634,C,T,silent,SPTLC2,NM_004863,silent,.,.,ACG/ATG
SZ,Xu,chr22:22316911,C,T,missense,TOP3B,NM_003935,missense,c.1415CGG>CAG,p.472R>Q,CCG/CTG
SZ,Xu,chr19:50925796,G,A,missense,SPIB,"NM_001243998,NM_001243999,NM_001244000,NM_003121","silent,missense,silent,missense",".,c.118GCT>ACT,.,c.118GCT>ACT",".,p.40A>T,.,p.40A>T",GGC/GAC
SZ,Xu,chr2:32733272,C,T,missense,BIRC6,NM_016252,missense,c.9926TCT>TTT,p.3309S>F,TCT/TTT
SZ,Xu,chr2:84937507,C,A,silent,DNAH6,NM_001370,silent,.,.,CCG/CAG
SZ,Xu,chr17:73495002,T,A,silent,KIAA0195,NM_014738,silent,.,.,GTC/GAC
SZ,Xu,chr17:76704313,T,C,missense,CYTH1,"NM_004762,NM_017456","missense,missense","c.136AAT>GAT,c.136AAT>GAT","p.46N>D,p.46N>D",TTA/TCA
SZ,Xu,chr4:106510442,G,T,missense,ARHGEF38,"NM_001242729,NM_017700","missense,missense","c.234GAG>GAT,c.234GAG>GAT","p.78E>D,p.78E>D",AGA/ATA
SZ,Xu,chr3:9786691,G,N,esplice,BRPF1,"NM_001003694,NM_001003694,NM_004634,NM_004634","intronic,splice-acceptor-in2,intronic,splice-acceptor-in2",".,.,.,.",".,.,.,.",.
SZ,Xu,chr7:26224983,C,T,silent,NFE2L3,NM_004289,silent,.,.,TCG/TTG
SZ,Xu,chr7:44875211,C,T,missense,H2AFV,"NM_012412,NM_138635,NM_201436,NM_201516,NM_201517","missense,missense,missense,intronic,missense","c.242CGT>CAT,c.242CGT>CAT,c.164CGT>CAT,.,c.128CGT>CAT","p.81R>H,p.81R>H,p.55R>H,.,p.43R>H",ACG/ATG
SZ,Xu,chr12:113303237,A,G,silent,RPH3A,"NM_001143854,NM_014954","silent,silent",".,.",".,.",TAG/TGG
SZ,Xu,chr11:972194,G,A,missense,AP2A2,"NM_001242837,NM_012305","missense,missense","c.412GTG>ATG,c.412GTG>ATG","p.138V>M,p.138V>M",CGT/CAT
SZ,Xu,chr19:58118122,G,A,missense,ZNF530,NM_020880,missense,c.1229AGT>AAT,p.410S>N,AGT/AAT
SZ,Xu,chr20:2413163,G,C,missense,TGM6,"NM_001254734,NM_198994","missense,missense","c.1861GGC>CGC,c.1995AGG>AGC","p.621G>R,p.665R>S",GGG/GCG
SZ,Xu,chr6:35927251,C,T,missense,SLC26A8,"NM_001193476,NM_052961,NM_138718","missense,missense,missense","c.1849GAG>AAG,c.1849GAG>AAG,c.1534GAG>AAG","p.617E>K,p.617E>K,p.512E>K",TCC/TTC
SZ,Xu,chr1:40882500,G,A,missense,SMAP2,"NM_001198978,NM_001198979,NM_001198980,NM_022733","missense,missense,missense,missense","c.806AGC>AAC,c.881AGC>AAC,c.656AGC>AAC,c.896AGC>AAC","p.269S>N,p.294S>N,p.219S>N,p.299S>N",AGC/AAC
SZ,Xu,chr4:113568450,A,T,missense,LARP7,"NM_001267039,NM_015454,NM_016648,NR_049768","missense,missense,missense,npcRNA","c.763ATC>TTC,c.742ATC>TTC,c.742ATC>TTC,.","p.255I>F,p.248I>F,p.248I>F,.",CAT/CTT
SZ,Xu,chrX:129147913,A,T,missense,BCORL1,NM_021946,missense,c.1165ATC>TTC,p.389I>F,cat/cTt
SZ,Xu,chr6:47682854..47682855,CT,AA,missense,GPR115,NM_153838,missense,c.1873CTC>AAC,p.625L>N,.
SZ,Xu,chr1:11293489,T,C,missense,MTOR,NM_004958,missense,c.2387AAT>AGT,p.796N>S,ATT/ACT
SZ,Xu,chr2:219900235,T,C,missense,CCDC108,"NM_152389,NM_194302","missense,missense","c.314AAT>AGT,c.509AAT>AGT","p.105N>S,p.170N>S",ATT/ACT
SZ,Xu,chr15:54586124,G,T,missense,UNC13C,NM_001080534,missense,c.3850GTC>TTC,p.1284V>F,AGT/ATT
SZ,Xu,chr1:169439252,C,T,missense,SLC19A2,NM_006996,missense,c.980CGC>CAC,p.327R>H,GCG/GTG
SZ,Xu,chr22:32875203,C,T,missense,FBXO7,"NM_001033024,NM_001257990,NM_012179","missense,missense,missense","c.121CCA>TCA,c.16CCA>TCA,c.358CCA>TCA","p.41P>S,p.6P>S,p.120P>S",ACC/ATC
SZ,Xu,chr3:42261055,A,G,missense,TRAK1,NM_001042646,missense,c.2033CAT>CGT,p.678H>R,CAT/CGT
SZ,Xu,chr15:38800147,C,T,missense,RASGRP1,"NM_001128602,NM_005739","missense,missense","c.1022CGG>CAG,c.1022CGG>CAG","p.341R>Q,p.341R>Q",CCG/CTG
SZ,Xu,chr12:53608241,T,A,nonsense,RARG,"NM_000966,NM_001042728,NM_001243730,NM_001243731,NM_001243732","nonsense,nonsense,nonsense,nonsense,nonsense","c.625AAG>TAG,c.592AAG>TAG,c.409AAG>TAG,c.262AAG>TAG,c.559AAG>TAG","p.209K>*,p.198K>*,p.137K>*,p.88K>*,p.187K>*",TTG/TAG
SZ,Xu,chr4:5642489,C,A,missense,EVC2,"NM_001166136,NM_147127","missense,missense","c.982GCC>TCC,c.1222GCC>TCC","p.328A>S,p.408A>S",gca/gAa
SZ,Xu,chr19:44933974,G,A,missense,ZNF229,NM_014518,missense,c.982CGG>TGG,p.328R>W,CGA/CAA
SZ,Xu,chr9:86292782,T,A,missense,UBQLN1,"NM_013438,NM_053067","missense,missense","c.965AAT>ATT,c.965AAT>ATT","p.322N>I,p.322N>I",ATT/AAT
SZ,Xu,chr20:3128479,G,C,missense,FASTKD5,"NM_001267584,NM_014948,NM_021826,NM_199415,NR_038395","intronic,intronic,missense,intronic,intronic",".,.,c.1238GCA>GGA,.,.",".,.,p.413A>G,.,.",TGC/TCC
SZ,Xu,chr2:189851792,C,T,missense,COL3A1,NM_000090,missense,c.455TCT>TTT,p.152S>F,TCT/TTT
SZ,Xu,chr1:180843041,A,ATTGCTTTGTTGCC,frameshift,XPR1,"NM_001135669,NM_001135669,NM_004736,NM_004736","indel,frameshift,indel,frameshift","c.1577TGA>TGA,.,c.1772TGA>TGA,.","p.526*>*,.,p.591*>*,.",.
SZ,Xu,chr22:19028681,G,C,missense,DGCR2,"NM_001173533,NM_001173534,NM_001184781,NM_005137,NR_033674","missense,missense,missense,missense,npcRNA","c.1163CCT>CGT,c.1154CCT>CGT,c.1277CCT>CGT,c.1286CCT>CGT,.","p.388P>R,p.385P>R,p.426P>R,p.429P>R,.",AGG/ACG
SZ,Xu,chr6:129835668..129835675,GAAGCCCA,G,frameshift,LAMA2,"NM_000426,NM_001079823","frameshift,frameshift",".,.",".,.",.
SZ,Xu,chr10:134463942,C,T,missense,INPP5A,NM_005539,missense,c.239GCG>GTG,p.80A>V,GCG/GTG
SZ,Xu,chr8:92346630,G,A,silent,SLC26A7,"NM_052832,NM_134266","silent,silent",".,.",".,.",AGT/AAT
SZ,Xu,chr20:33703457,A,G,missense,EDEM2,"NM_001145025,NM_018217,NR_026728","missense,missense,npcRNA","c.1405TAC>CAC,c.1516TAC>CAC,.","p.469Y>H,p.506Y>H,.",TAG/TGG
SZ,Xu,chr12:31820792,T,C,silent,METTL20,"NM_001135863,NM_001135864,NM_173802","silent,silent,silent",".,.,.",".,.,.",CTG/CCG
SZ,Xu,chr10:128840894,T,C,silent,DOCK1,NM_001380,silent,.,.,TTC/TCC
SZ,Xu,chr10:74714381,G,C,missense,PLA2G12B,NM_032562,missense,c.63AGC>AGG,p.21S>R,CGC/CCC
SZ,Xu,chr17:6920327,G,A,missense,C17orf49,"NM_001142798,NM_001142799,NM_174893,NR_037717,NR_038310","missense,missense,missense,npcRNA,intronic","c.508GAC>AAC,c.406GAC>AAC,c.508GAC>AAC,.,.","p.170D>N,p.136D>N,p.170D>N,.,.",CGA/CAA
SZ,Xu,chr1:54870560,G,A,nonsense,SSBP3,"NM_001009955,NM_018070,NM_145716","nonsense,nonsense,nonsense","c.100CAG>TAG,c.100CAG>TAG,c.100CAG>TAG","p.34Q>*,p.34Q>*,p.34Q>*",TGT/TAT
SZ,Xu,chr1:54870562,G,A,missense,SSBP3,"NM_001009955,NM_018070,NM_145716","missense,missense,missense","c.98GCA>GTA,c.98GCA>GTA,c.98GCA>GTA","p.33A>V,p.33A>V,p.33A>V",TGC/TAC
SZ,Xu,chr14:75230753,T,C,silent,YLPM1,NM_019589,silent,.,.,CTC/CCC
SZ,Xu,chr4:90170733,C,T,missense,GPRIN3,NM_198281,missense,c.529GTC>ATC,p.177V>I,ACG/ATG
SZ,Xu,chr4:7008404,T,C,missense,TBC1D14,"NM_001113361,NM_001113363,NM_020773","missense,missense,missense","c.1397ATT>ACT,c.557ATT>ACT,c.1397ATT>ACT","p.466I>T,p.186I>T,p.466I>T",ATT/ACT
SZ,Xu,chr16:57095444,G,N,esplice,NLRC5,"NM_032206,NM_032206","intronic,splice-donor-in2",".,.",".,.",.
SZ,Xu,chr2:182774637,G,A,silent,SSFA2,"NM_001130445,NM_006751","silent,silent",".,.",".,.",CGG/CAG
SZ,Xu,chr1:51584391,G,A,missense,C1orf185,NM_001136508,missense,c.176AGA>AAA,p.59R>K,AGA/AAA
SZ,Xu,chr19:40430427,C,A,missense,FCGBP,NM_003890,missense,c.1516GAC>TAC,p.506D>Y,TCG/TAG
SZ,Xu,chr4:123283232,T,G,missense,KIAA1109,NM_015312,missense,c.14848TAT>GAT,p.4950Y>D,TTA/TGA
SZ,Xu,chr16:56370728,G,A,missense,GNAO1,"NM_020988,NM_138736","missense,missense","c.679GCG>ACG,c.679GCG>ACG","p.227A>T,p.227A>T",CGC/CAC
SZ,Xu,chr6:25813095,C,T,missense,SLC17A1,NM_005074,missense,c.861ATG>ATA,p.287M>I,ACA/ATA
SZ,Xu,chr3:180334391..180334393,CTG,C,frameshift,CCDC39,NM_181426,frameshift,.,.,.
SZ,Xu,chr21:35275902,G,A,silent,ATP5O,NM_001697,silent,.,.,CGC/CAC
SZ,Xu,chr16:24196438,G,T,missense,PRKCB,"NM_002738,NM_212535","missense,missense","c.1540GCT>TCT,c.1540GCT>TCT","p.514A>S,p.514A>S",TGC/TTC
SZ,Xu,chr19:43579615,C,A,missense,PSG2,NM_031246,missense,c.600AGG>AGT,p.200R>S,TCC/TAC
SZ,Xu,chr19:19822713,T,C,silent,ZNF14,NM_021030,silent,.,.,TTG/TCG
SZ,Xu,chr3:136240064,T,A,missense,STAG1,NM_005862,missense,c.667ACC>TCC,p.223T>S,GTA/GAA
SZ,Xu,chr1:173450463,A,N,esplice,PRDX6,"NM_004905,NM_004905","intronic,splice-acceptor-in2",".,.",".,.",.
SZ,Xu,chr19:46664002,C,T,missense,IGFL2,"NM_001002915,NM_001135113","missense,missense","c.238CCC>TCC,c.205CCC>TCC","p.80P>S,p.69P>S",CCC/CTC
SZ,Xu,chr1:39904999,C,T,missense,MACF1,NM_012090,missense,c.12097CGG>TGG,p.4033R>W,TCG/TTG
SZ,Xu,chr2:219696473,G,A,silent,PRKAG3,NM_017431,silent,.,.,CGT/CAT
SZ,Xu,chr19:51983685,A,G,missense,CEACAM18,NM_001080405,missense,c.334AAG>GAG,p.112K>E,TAA/TGA
SZ,Xu,chr11:432043,C,A,missense,ANO9,NM_001012302,missense,c.362CGA>CTA,p.121R>L,TCG/TAG
SZ,Xu,chr12:46757537,G,A,silent,SLC38A2,NM_018976,silent,.,.,CGG/CAG
SZ,Xu,chr8:1824769,G,A,missense,ARHGEF10,NM_014629,missense,c.712GAT>AAT,p.238D>N,GGA/GAA
SZ,Xu,chr11:125659372,C,T,silent,PATE3,NM_001129883,silent,.,.,GCG/GTG
SZ,Xu,chr9:36058870,G,A,missense,RECK,NM_021111,missense,c.206CGA>CAA,p.69R>Q,CGA/CAA
SZ,Xu,chr4:77038831,G,A,nonsense,NUP54,NM_017426,nonsense,c.1381CGA>TGA,p.461R>*,CGT/CAT
SZ,Xu,chr10:85991878,G,A,silent,LRIT1,NM_015613,silent,.,.,AGC/AAC
SZ,Xu,chr18:8379193,G,A,missense,PTPRM,"NM_001105244,NM_002845","missense,missense","c.3641CGA>CAA,c.3602CGA>CAA","p.1214R>Q,p.1201R>Q",CGA/CAA
SZ,Xu,chr10:85984321,G,A,silent,LRIT2,NM_001017924,silent,.,.,GGA/GAA
SZ,Xu,chr15:42454322,G,A,missense,VPS39,NM_015289,missense,c.2368CGC>TGC,p.790R>C,CGT/CAT
SZ,Xu,chrX:53245325..53245326,TC,T,frameshift,KDM5C,"NM_001146702,NM_004187","frameshift,frameshift",".,.",".,.",.
SZ,Xu,chr12:120306864,A,G,missense,CIT,"NM_001206999,NM_001206999,NM_007174,NM_007174","splice,missense,splice,missense",".,c.238TAT>CAT,.,c.238TAT>CAT",".,p.80Y>H,.,p.80Y>H",CAC/CGC
SZ,Xu,chr12:110566865,G,A,missense,IFT81,"NM_001143779,NM_014055,NM_031473","missense,missense,missense","c.359CGT>CAT,c.359CGT>CAT,c.359CGT>CAT","p.120R>H,p.120R>H,p.120R>H",CGT/CAT
SZ,Xu,chr1:97915657,C,T,nonsense,DPYD,NM_000110,nonsense,c.1863TGG>TGA,p.621W>*,ACC/ATC
SZ,Xu,chr3:113672916,G,C,silent,ZDHHC23,NM_173570,silent,.,.,GGT/GCT
SZ,Xu,chr14:31647323,A,G,missense,HECTD1,NM_015382,missense,c.278GTT>GCT,p.93V>A,AAC/AGC
SZ,Xu,chr21:41710090,G,T,missense,DSCAM,"NM_001271534,NM_001389,NR_073202","missense,missense,npcRNA","c.1721ACG>AAG,c.1721ACG>AAG,.","p.574T>K,p.574T>K,.",CGT/CTT
SZ,Xu,chr19:4338685,A,T,nonsense,STAP2,"NM_001013841,NM_017720","nonsense,nonsense","c.66TAT>TAA,c.66TAT>TAA","p.22Y>*,p.22Y>*",CAT/CTT
SZ,Xu,chr11:108577470,A,G,missense,DDX10,"NM_004398,NM_004398","splice,missense",".,c.1228AAA>GAA",".,p.410K>E",CAA/CGA
SZ,Xu,chr5:40852724,G,C,missense,CARD6,NM_032587,missense,c.1290AAG>AAC,p.430K>N,AGC/ACC
SZ,Xu,chr5:110818516,C,T,missense,CAMK4,NM_001744,missense,c.862CGG>TGG,p.288R>W,ACG/ATG
SZ,Xu,chr5:179136974,A,G,missense,CANX,"NM_001024649,NM_001746","missense,missense","c.629AAA>AGA,c.629AAA>AGA","p.210K>R,p.210K>R",AAA/AGA
SZ,Xu,chr16:1607967,C,T,missense,IFT140,NM_014714,missense,c.2368GAA>AAA,p.790E>K,TCG/TTG
SZ,Xu,chr19:51563710,A,G,silent,KLK13,NM_015596,silent,.,.,CAG/CGG
SZ,Xu,chr10:92508680,C,T,missense,HTR7,"NM_000872,NM_019859,NM_019860","missense,missense,missense","c.1211CGG>CAG,c.1211CGG>CAG,c.1211CGG>CAG","p.404R>Q,p.404R>Q,p.404R>Q",CCG/CTG
SZ,Xu,chr11:118886056,T,C,missense,CCDC84,NM_198489,missense,c.845GTT>GCT,p.282V>A,GTT/GCT
SZ,Xu,chr16:84104320,G,A,missense,MBTPS1,NM_003791,missense,c.1655TCC>TTC,p.552S>F,GGA/GAA
SZ,Xu,chr19:14752341,G,T,missense,EMR3,NM_032571,missense,c.1138CTG>ATG,p.380L>M,AGG/ATG
SZ,Xu,chr2:173368885..173368888,AAAG,A,codon-deletion,ITGA6,"NM_000210,NM_001079818","3-UTR,out-of-frame-codon-deletion",".,.",".,.",.
SZ,Gulsuner,chr1:154960684,T,NN,frameshift,FLAD1,"NM_001184891,NM_001184892,NM_025207,NM_201398","frameshift,frameshift,frameshift,frameshift",".,.,.,.",".,.,.,.",.
SZ,Gulsuner,chr3:97596035..97596040,TACTAT,N,frameshift,CRYBG3,NM_153605,frameshift,.,.,.
SZ,Gulsuner,chr3:98510770,A,NN,frameshift,ST3GAL6,"NM_001271142,NM_001271145,NM_001271146,NM_001271147,NM_001271148,NM_006100","frameshift,frameshift,frameshift,frameshift,frameshift,frameshift",".,.,.,.,.,.",".,.,.,.,.,.",.
SZ,Gulsuner,chr9:134019942,C,NN,frameshift,NUP214,NM_005085,frameshift,.,.,.
SZ,Gulsuner,chr3:167543055,C,T,nonsense,SERPINI1,"NM_001122752,NM_005025","nonsense,nonsense","c.1177CGA>TGA,c.1177CGA>TGA","p.393R>*,p.393R>*",ACG/ATG
SZ,Gulsuner,chr4:123185580,C,T,nonsense,KIAA1109,"NM_015312,NM_015312","splice,nonsense",".,c.7315CAG>TAG",".,p.2439Q>*",ACA/ATA
SZ,Gulsuner,chr8:36768637,G,T,nonsense,KCNU1,"NM_001031836,NM_001031836","splice-donor-ex2ag,nonsense",".,c.2521GAG>TAG",".,p.841E>*",AGG/ATG
SZ,Gulsuner,chr10:98002509,G,A,nonsense,BLNK,"NM_001114094,NM_001258440,NM_001258441,NM_001258442,NM_013314,NR_047680,NR_047681,NR_047682,NR_047683","nonsense,nonsense,nonsense,nonsense,nonsense,npcRNA,npcRNA,npcRNA,npcRNA","c.145CGA>TGA,c.145CGA>TGA,c.145CGA>TGA,c.145CGA>TGA,c.145CGA>TGA,.,.,.,.","p.49R>*,p.49R>*,p.49R>*,p.49R>*,p.49R>*,.,.,.,.",CGA/CAA
SZ,Gulsuner,chr10:129906455,T,A,nonsense,MKI67,"NM_001145966,NM_002417","nonsense,nonsense","c.2569AAG>TAG,c.3649AAG>TAG","p.857K>*,p.1217K>*",TTT/TAT
SZ,Gulsuner,chr12:75804218,G,A,nonsense,GLIPR1L2,"NM_001270396,NM_001270396,NM_152436,NM_152436,NR_072995,NR_072995","splice,nonsense,splice,nonsense,npcRNA,splice",".,c.239TGG>TAG,.,c.239TGG>TAG,.,.",".,p.80W>*,.,p.80W>*,.,.",TGG/TAG
SZ,Gulsuner,chrX:123526073,C,T,nonsense,TENM1,"NM_001163278,NM_001163279,NM_014253","nonsense,nonsense,nonsense","c.5517TGG>TGA,c.5514TGG>TGA,c.5496TGG>TGA","p.1839W>*,p.1838W>*,p.1832W>*",ACC/ATC
SZ,Gulsuner,chr22:36696896,C,A,esplice,MYH9,"NM_002473,NM_002473","intronic,splice-donor-in2",".,.",".,.",ACC/AAC
SZ,Gulsuner,chr10:119001268,A,C,missense,SLC18A2,NM_003054,missense,c.64ATC>CTC,p.22I>L,CAT/CCT
SZ,Gulsuner,chr1:25233863,C,T,missense,RUNX3,"NM_001031680,NM_004350","missense,missense","c.632CGC>CAC,c.590CGC>CAC","p.211R>H,p.197R>H",GCG/GTG
SZ,Gulsuner,chr1:55470779,G,A,missense,BSND,NM_057176,missense,c.262GAG>AAG,p.88E>K,CGA/CAA
SZ,Gulsuner,chr1:109793969,C,G,missense,CELSR2,NM_001408,missense,c.1268GCC>GGC,p.423A>G,GCC/GGC
SZ,Gulsuner,chr1:179886686,T,C,missense,TOR1AIP1,"NM_001267578,NM_015602","missense,missense","c.1067TTT>TCT,c.1064TTT>TCT","p.356F>S,p.355F>S",TTT/TCT
SZ,Gulsuner,chr1:205068937,G,A,missense,RBBP5,"NM_001193272,NM_001193272,NM_001193273,NM_001193273,NM_005057,NM_005057","splice,missense,splice,missense,splice,missense",".,c.910CAT>TAT,.,c.529CAT>TAT,.,c.910CAT>TAT",".,p.304H>Y,.,p.177H>Y,.,p.304H>Y",TGC/TAC
SZ,Gulsuner,chr2:9517076,G,A,missense,ASAP2,"NM_001135191,NM_003887","missense,missense","c.1786GTG>ATG,c.1786GTG>ATG","p.596V>M,p.596V>M",CGT/CAT
SZ,Gulsuner,chr2:152362011,G,A,missense,NEB,"NM_001164507,NM_001164508,NM_001271208,NM_004543","missense,missense,missense,missense","c.23723ACG>ATG,c.23723ACG>ATG,c.23828ACG>ATG,c.18584ACG>ATG","p.7908T>M,p.7908T>M,p.7943T>M,p.6195T>M",CGT/CAT
SZ,Gulsuner,chr2:191819508,T,G,missense,GLS,NM_014905,missense,c.1817CTG>CGG,p.606L>R,CTG/CGG
SZ,Gulsuner,chr3:51697209,G,A,missense,RAD54L2,NM_015106,missense,c.4177GAG>AAG,p.1393E>K,CGA/CAA
SZ,Gulsuner,chr4:20530671,A,C,missense,SLIT2,NM_004787,missense,c.1562AAT>ACT,p.521N>T,AAT/ACT
SZ,Gulsuner,chr5:37195966,C,G,missense,C5orf42,NM_023073,missense,c.3805GCA>CCA,p.1269A>P,GCT/GGT
SZ,Gulsuner,chr5:168123347,C,T,missense,SLIT3,"NM_001271946,NM_003062","missense,missense","c.3053TGC>TAC,c.3032TGC>TAC","p.1018C>Y,p.1011C>Y",GCA/GTA
SZ,Gulsuner,chr6:12120804,G,T,missense,HIVEP1,NM_002114,missense,c.776TGT>TTT,p.259C>F,TGT/TTT
SZ,Gulsuner,chr6:76022193,G,A,missense,FILIP1,NM_015687,missense,c.3355CGG>TGG,p.1119R>W,CGT/CAT
SZ,Gulsuner,chr6:129670483,C,T,missense,LAMA2,"NM_000426,NM_001079823","missense,missense","c.4477CGC>TGC,c.4477CGC>TGC","p.1493R>C,p.1493R>C",CCG/CTG
SZ,Gulsuner,chr7:1538957,C,T,missense,INTS1,NM_001080453,missense,c.884AGC>AAC,p.295S>N,GCT/GTT
SZ,Gulsuner,chr7:7612732,C,G,missense,MIOS,NM_019005,missense,c.626GCT>GGT,p.209A>G,GCT/GGT
SZ,Gulsuner,chr8:101624302,C,G,missense,SNX31,NM_152628,missense,c.537TTG>TTC,p.179L>F,CCA/CGA
SZ,Gulsuner,chr10:12041981,C,A,missense,UPF2,"NM_015542,NM_080599","missense,missense","c.1682GGA>GTA,c.1682GGA>GTA","p.561G>V,p.561G>V",TCC/TAC
SZ,Gulsuner,chr11:27016654,T,C,missense,FIBIN,NM_203371,missense,c.581ATT>ACT,p.194I>T,ATT/ACT
SZ,Gulsuner,chr11:30953456,G,C,missense,DCDC5,NM_020869,missense,c.80CCT>CGT,p.27P>R,AGG/ACG
SZ,Gulsuner,chr12:54651406,T,G,missense,CBX5,"NM_001127321,NM_001127322,NM_012117","missense,missense,missense","c.29GAC>GCC,c.29GAC>GCC,c.29GAC>GCC","p.10D>A,p.10D>A,p.10D>A",GTC/GGC
SZ,Gulsuner,chr12:113496202,C,G,missense,DTX1,NM_004416,missense,c.205CTT>GTT,p.69L>V,GCT/GGT
SZ,Gulsuner,chr12:124821527,G,A,missense,NCOR2,"NM_001077261,NM_001206654,NM_006312","missense,missense,missense","c.5857CGC>TGC,c.5857CGC>TGC,c.5887CGC>TGC","p.1953R>C,p.1953R>C,p.1963R>C",CGG/CAG
SZ,Gulsuner,chr13:32786449,A,G,missense,FRY,NM_023037,missense,c.4612ACA>GCA,p.1538T>A,TAC/TGC
SZ,Gulsuner,chr13:33017959,C,A,missense,N4BP2L2,NM_033111,missense,c.715GTT>TTT,p.239V>F,ACG/AAG
SZ,Gulsuner,chr14:62203734,C,G,missense,HIF1A,"NM_001243084,NM_001530,NM_181054","missense,missense,missense","c.1228CTC>GTC,c.1156CTC>GTC,c.1156CTC>GTC","p.410L>V,p.386L>V,p.386L>V",CCT/CGT
SZ,Gulsuner,chr15:100533324,T,C,missense,ADAMTS17,NM_139057,missense,c.2878AGG>GGG,p.960R>G,CTC/CCC
SZ,Gulsuner,chr16:4033408,T,C,missense,ADCY9,NM_001116,missense,c.2344AGT>GGT,p.782S>G,CTA/CCA
SZ,Gulsuner,chr17:48154453,C,G,missense,ITGA3,"NM_002204,NM_005501","missense,missense","c.2038CCT>GCT,c.2038CCT>GCT","p.680P>A,p.680P>A",GCC/GGC
SZ,Gulsuner,chr17:60642438,G,A,missense,TLK2,"NM_001112707,NM_006852","missense,missense","c.812CGA>CAA,c.908CGA>CAA","p.271R>Q,p.303R>Q",CGA/CAA
SZ,Gulsuner,chr18:13438266,G,A,missense,LDLRAD4,NM_181482,missense,c.64GGT>AGT,p.22G>S,TGG/TAG
SZ,Gulsuner,chr18:72180842,A,C,missense,CNDP2,"NM_001168499,NM_018235","missense,missense","c.539GAG>GCG,c.791GAG>GCG","p.180E>A,p.264E>A",GAG/GCG
SZ,Gulsuner,chr19:10260563,G,T,missense,DNMT1,"NM_001130823,NM_001379","missense,missense","c.2347CCA>ACA,c.2299CCA>ACA","p.783P>T,p.767P>T",GGA/GTA
SZ,Gulsuner,chr19:19359527,C,T,missense,NCAN,NM_004386,missense,c.3656CCG>CTG,p.1219P>L,CCG/CTG
SZ,Gulsuner,chr22:19163726,G,A,missense,SLC25A1,"NM_001256534,NM_005984,NR_033687,NR_046298","missense,missense,npcRNA,npcRNA","c.874CGG>TGG,c.853CGG>TGG,.,.","p.292R>W,p.285R>W,.,.",CGG/CAG
SZ,Gulsuner,chr22:19213768,C,G,missense,CLTCL1,"NM_001835,NM_007098","missense,missense","c.1921GTC>CTC,c.1921GTC>CTC","p.641V>L,p.641V>L",ACC/AGC
SZ,Gulsuner,chr22:29121000,T,C,missense,CHEK2,"NM_001005735,NM_001257387,NM_007194,NM_145862","missense,5-UTR,missense,missense","c.686AAT>AGT,.,c.557AAT>AGT,c.557AAT>AGT","p.229N>S,.,p.186N>S,p.186N>S",ATT/ACT
SZ,Gulsuner,chr22:40055497,C,T,missense,CACNA1I,"NM_001003406,NM_021096","missense,missense","c.2285ACG>ATG,c.2390ACG>ATG","p.762T>M,p.797T>M",ACG/ATG
SZ,Gulsuner,chr22:40061944,G,A,missense,CACNA1I,"NM_001003406,NM_021096","missense,missense","c.3932CGC>CAC,c.4037CGC>CAC","p.1311R>H,p.1346R>H",CGC/CAC
SZ,Gulsuner,chr1:19209877,T,C,missense,ALDH4A1,"NM_001161504,NM_003748,NM_170726","missense,missense,missense","c.319ATC>GTC,c.499ATC>GTC,c.499ATC>GTC","p.107I>V,p.167I>V,p.167I>V",ATG/ACG
SZ,Gulsuner,chr1:36941250,C,G,missense,CSF3R,"NM_000760,NM_156039,NM_172313","missense,missense,missense","c.89AGT>ACT,c.89AGT>ACT,c.89AGT>ACT","p.30S>T,p.30S>T,p.30S>T",ACT/AGT
SZ,Gulsuner,chr1:84878061,G,A,missense,DNASE2B,"NM_021233,NM_058248","missense,5-UTR","c.577GTC>ATC,.","p.193V>I,.",CGT/CAT
SZ,Gulsuner,chr1:151377883,T,C,missense,POGZ,"NM_001194937,NM_001194938,NM_015100,NM_145796,NM_207171","missense,missense,missense,missense,missense","c.3601ACT>GCT,c.3442ACT>GCT,c.3628ACT>GCT,c.3343ACT>GCT,c.3469ACT>GCT","p.1201T>A,p.1148T>A,p.1210T>A,p.1115T>A,p.1157T>A",GTT/GCT
SZ,Gulsuner,chr1:155300310,G,A,missense,RUSC1,"NM_001105203,NM_001105204,NM_001105205,NM_014328","missense,missense,missense,missense","c.2657CGG>CAG,c.2339CGG>CAG,c.1427CGG>CAG,c.1250CGG>CAG","p.886R>Q,p.780R>Q,p.476R>Q,p.417R>Q",CGG/CAG
SZ,Gulsuner,chr4:57248732,T,C,missense,AASDH,NM_181806,missense,c.262ATC>GTC,p.88I>V,ATA/ACA
SZ,Gulsuner,chr6:20548828,A,G,missense,CDKAL1,"NM_017774,NM_017774","splice,missense",".,c.178ATT>GTT",".,p.60I>V",TAT/TGT
SZ,Gulsuner,chr7:130368463,C,T,missense,TSGA13,NM_052933,missense,c.71CGT>CAT,p.24R>H,ACG/ATG
SZ,Gulsuner,chr7:148484087,G,A,missense,CUL1,NM_003592,missense,c.1354GTC>ATC,p.452V>I,TGT/TAT
SZ,Gulsuner,chr10:115973763,A,G,missense,TDRD1,NM_198795,missense,c.2102AAT>AGT,p.701N>S,AAT/AGT
SZ,Gulsuner,chr13:53035036,G,C,missense,CKAP2,"NM_001098525,NM_018204,NM_018204","missense,splice,missense","c.161AGA>ACA,.,c.158AGA>ACA","p.54R>T,.,p.53R>T",AGA/ACA
SZ,Gulsuner,chr14:50585249,G,A,missense,SOS2,NM_006939,missense,c.3812CCG>CTG,p.1271P>L,CGG/CAG
SZ,Gulsuner,chr16:77356337,T,C,missense,ADAMTS18,NM_199355,missense,c.2059AAG>GAG,p.687K>E,TTG/TCG
SZ,Gulsuner,chr17:38249411,G,A,"silent,missense","NR1D1,THRA","NM_001190918,NM_001190919,NM_003250,NM_021724","missense,missense,missense,silent","c.1132GAG>AAG,c.1249GAG>AAG,c.1249GAG>AAG,.","p.378E>K,p.417E>K,p.417E>K,.",TGA/TAA
SZ,Gulsuner,chrX:70323898,C,T,missense,CXorf65,"NM_001025265,NR_033212","missense,npcRNA","c.491AGA>AAA,.","p.164R>K,.",TCT/TTT
SZ,Gulsuner,chr1:31212671,G,T,silent,LAPTM5,NM_006762,silent,.,.,AGG/ATG
SZ,Gulsuner,chr1:109793295,C,G,silent,CELSR2,NM_001408,silent,.,.,CCC/CGC
SZ,Gulsuner,chr1:173502838,A,G,silent,SLC9C2,NM_178527,silent,.,.,CAA/CGA
SZ,Gulsuner,chr2:131812915,G,C,silent,FAM168B,NM_001009993,silent,.,.,TGG/TCG
SZ,Gulsuner,chr2:226273785,A,G,silent,NYAP2,NM_020864,silent,.,.,AAA/AGA
SZ,Gulsuner,chr3:52802459,G,A,silent,NEK4,"NM_001193533,NM_003157","intronic,silent",".,.",".,.",AGA/AAA
SZ,Gulsuner,chr3:72842102,G,A,silent,SHQ1,NM_018130,silent,.,.,TGT/TAT
SZ,Gulsuner,chr3:129134218,C,T,silent,EFCAB12,NM_207307,silent,.,.,CCT/CTT
SZ,Gulsuner,chr4:38800393,T,C,silent,TLR1,NM_003263,silent,.,.,ATT/ACT
SZ,Gulsuner,chr4:39918698,G,A,silent,PDS5A,"NM_001100399,NM_001100400","silent,silent",".,.",".,.",CGG/CAG
SZ,Gulsuner,chr5:480017,A,C,silent,SLC9A3,NM_004174,silent,.,.,GAG/GCG
SZ,Gulsuner,chr5:54771244,A,G,silent,PPAP2A,"NM_003711,NM_176895","silent,intronic",".,.",".,.",TAT/TGT
SZ,Gulsuner,chr5:127645000,G,A,silent,FBN2,NM_001999,silent,.,.,TGC/TAC
SZ,Gulsuner,chr5:140262375,C,G,silent,PCDHA13,"NM_018900,NM_018901,NM_018902,NM_018903,NM_018904,NM_018905,NM_018906,NM_018907,NM_018908,NM_018909,NM_018910,NM_018911,NM_031411,NM_031849,NM_031857,NM_031860,NM_031865","intronic,intronic,intronic,intronic,silent,intronic,intronic,intronic,intronic,intronic,intronic,intronic,intronic,intronic,intronic,intronic,silent",".,.,.,.,.,.,.,.,.,.,.,.,.,.,.,.,.",".,.,.,.,.,.,.,.,.,.,.,.,.,.,.,.,.",CCA/CGA
SZ,Gulsuner,chr5:167921598,A,G,silent,RARS,NM_002887,silent,.,.,AAT/AGT
SZ,Gulsuner,chr6:4995441,A,G,silent,RPP40,NM_006638,silent,.,.,CAG/CGG
SZ,Gulsuner,chr6:10586366,C,G,silent,GCNT2,"NM_001491,NM_145649,NM_145655","intronic,intronic,silent",".,.,.",".,.,.",CCT/CGT
SZ,Gulsuner,chr6:53387293,T,C,silent,GCLC,"NM_001197115,NM_001498","silent,silent",".,.",".,.",TTT/TCT
SZ,Gulsuner,chr7:83036424,G,T,silent,SEMA3E,"NM_001178129,NM_012431","silent,silent",".,.",".,.",CGC/CTC
SZ,Gulsuner,chr8:37635613,G,A,silent,PROSC,NM_007198,silent,.,.,AGG/AAG
SZ,Gulsuner,chr10:5790367,C,T,silent,FAM208B,NM_017782,silent,.,.,CCT/CTT
SZ,Gulsuner,chr10:100185707,G,A,silent,HPS1,NM_000195,silent,.,.,AGT/AAT
SZ,Gulsuner,chr11:7439282,C,T,silent,SYT9,NM_175733,silent,.,.,ACG/ATG
SZ,Gulsuner,chr15:33023398,A,G,silent,GREM1,"NM_001191322,NM_001191323,NM_013372","silent,silent,silent",".,.,.",".,.,.",GAG/GGG
SZ,Gulsuner,chr16:89293140,G,T,silent,ZNF778,"NM_001201407,NM_182531,NR_037705","silent,silent,npcRNA",".,.,.",".,.,.",CGC/CTC
SZ,Gulsuner,chr17:3421906,G,A,silent,TRPV3,"NM_001258205,NM_145068","silent,silent",".,.",".,.",CGT/CAT
SZ,Gulsuner,chr19:10260540,C,T,silent,DNMT1,"NM_001130823,NM_001379","silent,silent",".,.",".,.",ACA/ATA
SZ,Gulsuner,chr19:14521130,C,T,silent,DDX39A,"NM_005804,NR_038336,NR_046366","silent,npcRNA,npcRNA",".,.,.",".,.,.",GCA/GTA
SZ,Gulsuner,chr19:19260215,G,A,"silent,silent","MEF2B,MEF2BNB-MEF2B","NM_001145785,NM_005919,NR_027307,NR_027308","silent,silent,npcRNA,npcRNA",".,.,.,.",".,.,.,.",CGA/CAA
SZ,Gulsuner,chr19:45885917,C,T,silent,PPP1R13L,"NM_001142502,NM_006663","silent,silent",".,.",".,.",ACT/ATT